draw_id,date,n1,n2,n3,n4,n5,n6,strong
1036,7/4/2010,3,5,6,24,27,35,4
1036,1/1/2020,2,7,15,22,31,36,3
1037,9/4/2010,2,3,6,7,29,32,3
1038,11/4/2010,5,8,10,17,24,37,4
1039,13/04/2010,4,7,12,13,15,26,1
1040,15/04/2010,1,12,16,18,20,24,7
1041,17/04/2010,1,11,14,25,29,30,7
1042,19/04/2010,4,10,16,20,22,23,4
1043,21/04/2010,3,15,16,21,24,31,3
1044,23/04/2010,3,14,15,23,29,35,6
1045,25/04/2010,3,8,28,30,31,35,2
1046,27/04/2010,6,13,24,30,32,34,2
1047,29/04/2010,6,17,25,26,30,36,4
1048,1/5/2010,4,5,11,14,18,37,3
1049,3/5/2010,4,16,17,22,29,31,5
1050,5/5/2010,4,6,21,23,27,29,2
1050,15/1/2020,5,12,18,25,33,37,1
1051,7/5/2010,4,8,9,17,18,31,7
1052,9/5/2010,8,9,10,21,30,32,2
1053,11/5/2010,15,23,24,27,36,37,5
1054,13/05/2010,1,8,12,16,21,34,7
1055,15/05/2010,6,7,14,23,28,29,6
1056,17/05/2010,8,12,13,23,24,32,5
1057,19/05/2010,11,15,23,27,36,37,2
1058,21/05/2010,7,9,10,13,20,32,2
1059,23/05/2010,1,3,7,16,27,36,6
1060,25/05/2010,2,3,9,10,13,16,7
1061,27/05/2010,9,21,22,23,25,35,5
1062,29/05/2010,3,5,8,15,23,33,5
1063,31/05/2010,10,13,16,24,26,35,4
1064,2/6/2010,4,6,14,16,24,31,2
1065,4/6/2010,5,8,12,13,24,32,5
1066,6/6/2010,19,26,29,30,33,34,6
1067,8/6/2010,1,12,19,20,21,25,4
1068,10/6/2010,14,24,27,28,32,33,4
1069,12/6/2010,5,8,10,23,32,33,5
1070,14/06/2010,1,6,10,22,23,31,2
1071,16/06/2010,3,4,8,29,32,34,4
1072,18/06/2010,2,14,18,25,26,32,7
1073,20/06/2010,1,3,5,21,24,31,4
1074,22/06/2010,4,5,9,12,21,25,4
1075,24/06/2010,3,14,19,28,33,36,6
1076,26/06/2010,3,10,17,23,32,35,6
1077,28/06/2010,4,15,22,23,29,36,3
1078,30/06/2010,4,7,9,18,25,29,3
1079,2/7/2010,4,11,31,32,34,35,5
1080,4/7/2010,5,9,18,25,32,36,2
1081,6/7/2010,5,13,20,31,32,33,6
1082,8/7/2010,3,13,18,30,35,36,6
1083,10/7/2010,14,19,21,23,31,37,2
1084,12/7/2010,3,14,16,27,28,31,1
1085,14/07/2010,7,8,10,20,22,35,1
1086,16/07/2010,12,13,21,23,25,32,7
1087,18/07/2010,2,13,20,21,25,37,2
1088,20/07/2010,9,22,27,32,33,35,3
1089,22/07/2010,21,22,26,29,30,34,2
1090,24/07/2010,5,10,15,24,26,29,6
1091,26/07/2010,3,13,18,23,24,36,6
1092,28/07/2010,10,15,17,31,33,35,5
1093,30/07/2010,1,11,22,24,26,29,4
1094,1/8/2010,4,24,31,32,35,37,3
1095,3/8/2010,8,12,14,16,27,37,5
1096,5/8/2010,6,8,20,27,28,31,3
1097,7/8/2010,2,7,23,28,32,34,7
1098,9/8/2010,12,15,17,20,28,34,7
1099,11/8/2010,11,16,26,29,32,36,1
1100,13/08/2010,2,3,9,15,27,33,2
1100,1/3/2020,8,14,19,26,32,35,5
1101,15/08/2010,11,12,14,23,24,27,2
1102,17/08/2010,9,11,24,27,34,35,2
1103,19/08/2010,6,10,13,26,30,31,7
1104,21/08/2010,7,17,20,21,22,37,1
1105,23/08/2010,1,2,6,8,18,34,2
1106,25/08/2010,4,14,22,27,30,31,5
1107,27/08/2010,9,11,21,27,34,36,1
1108,29/08/2010,11,16,19,24,30,36,1
1109,31/08/2010,2,5,6,25,31,36,2
1110,2/9/2010,1,6,14,19,26,31,7
1111,4/9/2010,10,13,14,23,24,29,1
1112,6/9/2010,3,5,17,19,28,34,7
1113,8/9/2010,2,4,5,8,14,37,2
1114,10/9/2010,17,28,29,33,34,35,1
1115,12/9/2010,3,14,18,21,26,35,6
1116,14/09/2010,1,7,20,28,34,37,2
1117,16/09/2010,4,20,22,26,30,35,3
1118,18/09/2010,3,7,12,15,34,36,2
1119,20/09/2010,1,3,4,6,19,36,4
1120,22/09/2010,1,2,8,12,19,29,7
1121,24/09/2010,3,6,16,18,23,37,1
1122,26/09/2010,3,10,14,17,21,30,4
1123,28/09/2010,1,3,18,20,33,35,4
1124,30/09/2010,3,5,12,23,25,34,1
1125,2/10/2010,7,10,15,23,28,31,6
1126,4/10/2010,2,5,16,18,33,37,5
1127,6/10/2010,7,10,12,17,26,32,7
1128,8/10/2010,5,8,9,28,34,36,1
1129,10/10/2010,4,13,16,20,21,32,6
1130,12/10/2010,20,24,26,31,34,35,7
1131,14/10/2010,1,2,3,24,25,35,1
1132,16/10/2010,7,12,22,23,26,35,4
1133,18/10/2010,10,14,18,27,29,31,7
1134,20/10/2010,3,11,12,16,23,24,1
1135,22/10/2010,10,13,18,30,34,35,4
1136,24/10/2010,3,19,21,23,33,37,3
1137,26/10/2010,13,14,17,25,26,30,1
1138,28/10/2010,9,19,20,27,29,35,6
1139,30/10/2010,6,8,10,14,15,31,4
1140,1/11/2010,10,19,20,24,33,34,6
1141,3/11/2010,6,8,10,26,29,34,1
1142,5/11/2010,5,14,20,27,35,36,6
1143,7/11/2010,9,13,15,21,23,25,2
1144,9/11/2010,9,12,31,32,33,35,1
1145,11/11/2010,12,13,19,20,22,35,6
1146,13/11/2010,6,23,25,27,29,32,6
1147,15/11/2010,3,10,18,23,30,33,5
1148,17/11/2010,9,11,23,25,29,35,3
1149,19/11/2010,15,22,24,32,34,37,3
1150,21/11/2010,2,7,9,16,27,35,2
1151,23/11/2010,9,12,13,18,28,33,1
1152,25/11/2010,4,6,22,32,34,37,4
1153,27/11/2010,5,15,27,31,36,37,7
1154,29/11/2010,2,7,17,27,35,36,4
1155,1/12/2010,5,13,14,16,19,35,1
1156,3/12/2010,7,24,25,27,30,34,1
1157,5/12/2010,6,8,14,25,32,37,1
1158,7/12/2010,5,18,19,23,27,36,2
1159,9/12/2010,2,13,14,22,26,32,5
1160,11/12/2010,15,24,26,29,30,32,1
1161,13/12/2010,3,10,23,32,34,36,3
1162,15/12/2010,2,3,6,14,19,31,4
1163,17/12/2010,4,5,12,20,28,29,1
1164,19/12/2010,1,7,10,11,15,19,2
1165,21/12/2010,10,15,17,22,36,37,7
1166,23/12/2010,2,4,18,22,31,36,2
1167,25/12/2010,5,8,14,15,28,35,3
1168,27/12/2010,1,7,16,17,18,36,5
1169,29/12/2010,2,7,13,23,33,34,6
1170,31/12/2010,3,5,9,11,15,28,4
1171,2/1/2011,2,9,13,26,27,36,1
1172,4/1/2011,3,14,18,32,35,36,7
1173,6/1/2011,1,12,13,23,25,27,6
1174,8/1/2011,15,18,20,27,33,35,1
1175,10/1/2011,1,15,19,23,28,30,3
1176,12/1/2011,6,9,10,15,34,37,3
1177,14/01/2011,1,16,18,26,28,32,7
1178,16/01/2011,9,17,18,22,29,32,7
1179,18/01/2011,3,8,9,15,31,37,4
1180,20/01/2011,18,23,25,26,29,36,5
1181,22/01/2011,3,6,15,22,24,37,5
1182,24/01/2011,4,7,16,17,26,33,3
1183,26/01/2011,4,6,15,24,29,37,1
1184,28/01/2011,3,11,17,18,33,34,4
1185,30/01/2011,4,7,12,17,19,32,2
1186,1/2/2011,5,7,11,17,18,28,5
1187,3/2/2011,4,14,17,21,24,35,7
1188,5/2/2011,5,6,25,30,32,33,1
1189,7/2/2011,21,22,25,28,34,37,2
1190,9/2/2011,3,4,22,29,33,34,5
1191,11/2/2011,1,6,8,19,22,27,6
1192,13/02/2011,10,15,19,21,22,31,6
1193,15/02/2011,16,20,23,26,33,36,4
1194,17/02/2011,2,3,8,16,21,35,2
1195,19/02/2011,6,9,20,31,33,37,2
1196,21/02/2011,11,15,17,23,31,34,1
1197,23/02/2011,6,13,16,27,28,35,2
1198,25/02/2011,11,12,21,25,27,34,4
1199,27/02/2011,6,15,26,28,33,37,3
1200,1/3/2011,5,7,13,17,20,21,1
1201,3/3/2011,9,12,13,24,25,29,1
1202,5/3/2011,4,14,20,27,28,31,3
1203,7/3/2011,12,14,17,23,24,31,7
1204,9/3/2011,16,20,25,28,35,37,1
1205,11/3/2011,3,24,26,27,29,30,6
1206,13/03/2011,2,4,19,20,22,32,2
1207,15/03/2011,2,4,6,15,19,27,2
1208,17/03/2011,2,5,18,25,32,35,6
1209,19/03/2011,2,20,21,22,30,35,2
1210,21/03/2011,2,4,5,28,31,33,7
1211,23/03/2011,7,17,19,21,30,32,1
1212,25/03/2011,10,19,20,26,33,34,3
1213,27/03/2011,10,22,26,32,33,35,2
1214,29/03/2011,6,8,18,25,26,28,6
1215,31/03/2011,3,8,21,26,29,34,5
1216,2/4/2011,4,5,8,13,28,35,5
1217,4/4/2011,4,11,13,29,32,34,2
1218,6/4/2011,1,8,10,24,33,35,1
1219,8/4/2011,6,14,16,24,25,34,7
1220,10/4/2011,7,15,17,18,20,36,7
1221,12/4/2011,4,7,18,21,27,31,5
1222,14/04/2011,1,21,27,32,36,37,5
1223,16/04/2011,13,16,21,29,31,33,6
1224,18/04/2011,3,7,9,25,28,33,5
1225,20/04/2011,1,3,21,22,25,32,2
1226,22/04/2011,14,19,28,30,35,37,4
1227,24/04/2011,2,10,16,18,21,34,5
1228,26/04/2011,8,12,21,23,24,27,6
1229,28/04/2011,7,9,11,17,22,28,2
1230,30/04/2011,8,12,18,28,30,36,3
1231,2/5/2011,3,15,17,25,26,27,5
1232,4/5/2011,3,9,10,19,26,37,6
1233,6/5/2011,12,19,20,21,33,36,6
1234,8/5/2011,1,3,6,8,29,34,1
1235,10/5/2011,10,23,26,28,31,35,6
1236,12/5/2011,7,17,22,31,35,36,7
1237,14/05/2011,10,15,16,20,23,26,5
1238,16/05/2011,2,7,14,23,32,34,6
1239,18/05/2011,2,4,5,7,18,30,4
1240,20/05/2011,3,23,26,30,34,35,4
1241,22/05/2011,13,14,17,19,32,37,5
1242,24/05/2011,6,8,21,25,28,35,1
1243,26/05/2011,2,24,28,30,33,34,7
1244,28/05/2011,8,18,24,26,32,36,5
1245,30/05/2011,3,9,11,22,34,35,3
1246,1/6/2011,3,4,9,11,20,34,7
1247,3/6/2011,4,6,7,22,25,30,7
1248,5/6/2011,16,22,26,33,34,37,7
1249,7/6/2011,11,12,15,25,27,33,3
1250,9/6/2011,10,11,18,20,21,26,7
1251,11/6/2011,1,16,21,24,27,30,7
1252,13/06/2011,4,5,20,23,29,31,6
1253,15/06/2011,1,11,12,14,28,31,3
1254,17/06/2011,16,18,25,28,30,33,2
1255,19/06/2011,8,9,24,25,26,37,4
1256,21/06/2011,8,18,28,29,36,37,7
1257,23/06/2011,13,16,23,26,31,33,7
1258,25/06/2011,9,11,22,24,30,34,3
1259,27/06/2011,8,12,25,30,33,35,7
1260,29/06/2011,6,10,21,27,28,32,1
1261,1/7/2011,2,4,5,7,16,21,2
1262,3/7/2011,1,13,14,22,25,29,4
1263,5/7/2011,8,11,12,16,20,31,5
1264,7/7/2011,8,26,27,29,31,32,3
1265,9/7/2011,1,4,8,22,24,28,7
1266,11/7/2011,6,12,14,16,20,30,7
1267,13/07/2011,5,13,20,27,33,35,5
1268,15/07/2011,5,6,12,14,32,35,1
1269,17/07/2011,1,16,24,27,28,36,1
1270,19/07/2011,2,15,24,28,32,37,1
1271,21/07/2011,1,7,8,22,23,35,1
1272,23/07/2011,1,12,15,25,27,34,2
1273,25/07/2011,2,15,30,33,35,36,7
1274,27/07/2011,1,8,9,20,21,30,1
1275,29/07/2011,6,17,22,34,35,36,4
1276,31/07/2011,7,9,12,16,21,24,6
1277,2/8/2011,4,15,17,23,26,27,1
1278,4/8/2011,4,5,7,11,29,31,5
1279,6/8/2011,3,8,21,23,24,32,4
1280,8/8/2011,2,22,24,27,29,36,5
1281,10/8/2011,11,12,15,20,32,37,6
1282,12/8/2011,4,10,13,14,30,36,6
1283,14/08/2011,1,8,15,21,25,29,1
1284,16/08/2011,2,10,12,17,31,32,6
1285,18/08/2011,11,13,16,17,25,26,1
1286,20/08/2011,1,15,18,21,22,36,4
1287,22/08/2011,5,11,12,16,29,36,7
1288,24/08/2011,3,23,24,25,29,31,3
1289,26/08/2011,2,13,23,26,31,37,2
1290,28/08/2011,16,18,19,23,28,36,4
1291,30/08/2011,10,11,25,28,36,37,6
1292,1/9/2011,1,10,27,32,33,35,7
1293,3/9/2011,4,18,20,30,31,35,7
1294,5/9/2011,3,14,15,20,24,36,1
1295,7/9/2011,5,7,9,13,25,32,4
1296,9/9/2011,3,24,25,29,31,35,7
1297,11/9/2011,10,20,26,27,29,34,6
1298,13/09/2011,11,13,15,18,21,25,1
1299,15/09/2011,9,12,20,21,30,37,6
1300,17/09/2011,1,19,24,26,34,37,4
1301,19/09/2011,2,8,17,21,28,32,4
1302,21/09/2011,8,15,29,30,31,33,6
1303,23/09/2011,2,7,9,17,19,24,7
1304,25/09/2011,1,17,18,19,26,30,1
1305,27/09/2011,11,17,26,27,31,36,5
1306,29/09/2011,7,11,20,31,36,37,5
1307,1/10/2011,9,21,24,25,33,37,4
1308,3/10/2011,7,9,12,16,32,37,2
1309,5/10/2011,2,15,21,32,36,37,7
1310,7/10/2011,2,16,18,20,28,36,5
1311,9/10/2011,6,10,21,30,34,36,2
1312,11/10/2011,12,15,18,33,35,36,7
1313,13/10/2011,14,17,19,24,28,35,3
1314,15/10/2011,4,6,13,26,27,35,6
1315,17/10/2011,14,17,18,25,28,37,1
1316,19/10/2011,2,5,8,14,16,28,1
1317,21/10/2011,6,7,12,21,32,37,7
1318,23/10/2011,18,22,23,27,29,35,4
1319,25/10/2011,1,5,19,26,29,32,7
1320,27/10/2011,2,9,10,28,35,37,6
1321,29/10/2011,10,15,19,29,35,37,7
1322,31/10/2011,5,10,19,21,22,27,7
1323,2/11/2011,3,16,23,28,29,31,2
1324,4/11/2011,12,18,21,25,29,31,2
1325,6/11/2011,11,13,16,17,29,30,1
1326,8/11/2011,1,7,9,16,32,37,6
1327,10/11/2011,3,8,15,21,34,35,1
1328,12/11/2011,10,20,22,29,30,33,4
1329,14/11/2011,6,10,26,27,32,34,3
1330,16/11/2011,8,11,16,23,28,32,7
1331,18/11/2011,15,23,25,32,34,37,4
1332,20/11/2011,1,4,12,14,25,36,2
1333,22/11/2011,6,16,17,23,31,32,6
1334,24/11/2011,2,5,12,27,29,30,3
1335,26/11/2011,4,5,9,19,23,34,6
1336,28/11/2011,7,11,18,33,36,37,6
1337,30/11/2011,11,22,24,25,35,36,3
1338,2/12/2011,8,18,23,29,31,36,7
1339,4/12/2011,3,14,18,23,35,37,2
1340,6/12/2011,1,7,11,18,23,35,6
1341,8/12/2011,3,9,20,21,24,29,3
1342,10/12/2011,5,14,15,24,28,33,6
1343,12/12/2011,12,14,16,22,23,32,7
1344,14/12/2011,10,13,15,25,27,32,4
1345,16/12/2011,7,14,22,29,34,37,3
1346,18/12/2011,5,8,9,17,20,26,3
1347,20/12/2011,3,15,28,32,35,36,2
1348,22/12/2011,7,10,14,15,25,30,5
1349,24/12/2011,1,19,20,22,24,35,7
1350,26/12/2011,2,11,15,32,34,35,5
1351,28/12/2011,5,7,11,17,30,33,7
1352,30/12/2011,3,7,20,29,33,35,2
1353,1/1/2012,14,25,27,31,33,37,1
1354,3/1/2012,8,14,21,34,35,37,2
1355,5/1/2012,1,4,8,10,15,24,3
1356,7/1/2012,1,8,11,16,21,34,7
1357,9/1/2012,10,13,24,26,28,37,2
1358,11/1/2012,1,4,6,16,23,30,5
1359,13/01/2012,7,8,16,27,31,34,3
1360,15/01/2012,4,5,14,15,17,30,6
1361,17/01/2012,8,17,22,28,30,36,1
1362,19/01/2012,4,5,12,15,17,33,5
1363,21/01/2012,4,6,13,14,18,25,4
1364,23/01/2012,11,12,21,22,26,31,7
1365,25/01/2012,16,17,20,29,31,32,2
1366,27/01/2012,7,16,18,27,34,37,2
1367,29/01/2012,5,7,23,26,27,29,2
1368,31/01/2012,13,14,16,26,30,37,3
1369,2/2/2012,1,7,18,19,20,29,7
1370,4/2/2012,7,17,22,25,32,36,2
1371,6/2/2012,8,9,22,27,28,35,6
1372,8/2/2012,7,17,18,24,33,36,4
1373,10/2/2012,3,11,12,14,15,24,3
1374,12/2/2012,1,4,14,18,28,34,3
1375,14/02/2012,4,24,27,29,34,37,3
1376,16/02/2012,18,21,23,30,31,37,4
1377,18/02/2012,1,7,10,28,31,32,2
1378,20/02/2012,1,10,11,14,26,29,7
1379,22/02/2012,12,16,17,21,22,29,7
1380,24/02/2012,5,12,16,17,26,31,2
1381,26/02/2012,6,14,15,24,28,37,6
1382,28/02/2012,7,12,16,21,27,35,4
1383,1/3/2012,1,6,8,16,19,20,6
1384,3/3/2012,4,7,8,9,20,32,7
1385,5/3/2012,1,10,11,14,23,32,7
1386,7/3/2012,4,8,12,15,20,22,4
1387,9/3/2012,3,5,17,30,33,35,2
1388,11/3/2012,2,7,11,12,13,22,4
1389,13/03/2012,2,4,11,15,28,35,7
1390,15/03/2012,6,7,16,17,30,36,1
1391,17/03/2012,9,11,19,23,26,33,2
1392,19/03/2012,8,11,12,17,29,30,7
1393,21/03/2012,6,9,11,20,23,25,3
1394,23/03/2012,3,12,20,23,26,29,1
1395,25/03/2012,7,14,17,21,27,35,3
1396,27/03/2012,3,5,14,17,30,32,5
1397,29/03/2012,5,13,14,21,26,27,7
1398,31/03/2012,4,21,22,24,32,35,2
1399,2/4/2012,3,12,16,30,32,34,7
1400,4/4/2012,11,16,21,23,28,36,4
1401,6/4/2012,3,11,28,29,32,35,7
1402,8/4/2012,2,3,4,17,23,33,4
1403,10/4/2012,9,11,21,25,26,29,3
1404,12/4/2012,7,8,10,12,18,30,7
1405,14/04/2012,10,13,16,28,34,36,2
1406,16/04/2012,5,12,25,31,35,36,3
1407,18/04/2012,1,6,7,16,25,30,5
1408,20/04/2012,8,18,22,32,34,35,3
1409,22/04/2012,3,4,26,31,32,34,5
1410,24/04/2012,11,13,19,23,25,34,3
1411,26/04/2012,2,4,7,12,26,30,3
1412,28/04/2012,2,9,19,25,31,34,5
1413,30/04/2012,7,8,21,29,30,31,2
1414,2/5/2012,6,9,14,15,31,35,4
1415,4/5/2012,16,21,23,27,35,37,2
1416,6/5/2012,7,25,29,32,33,37,5
1417,8/5/2012,6,9,21,22,28,33,3
1418,10/5/2012,2,17,23,24,27,31,2
1419,12/5/2012,2,11,12,14,33,37,1
1420,14/05/2012,2,6,10,24,27,34,6
1421,16/05/2012,4,12,13,18,34,36,1
1422,18/05/2012,1,14,29,30,31,33,4
1423,20/05/2012,3,12,24,29,32,37,2
1424,22/05/2012,4,8,17,23,32,33,3
1425,24/05/2012,1,12,17,21,25,36,6
1426,26/05/2012,1,6,7,14,22,33,2
1427,28/05/2012,1,5,12,15,25,26,7
1428,30/05/2012,11,17,25,33,34,35,1
1429,1/6/2012,7,8,16,21,33,34,5
1430,3/6/2012,9,10,19,27,30,33,6
1431,5/6/2012,11,15,22,31,32,34,1
1432,7/6/2012,5,10,19,20,22,31,6
1433,9/6/2012,1,7,15,18,23,24,7
1434,11/6/2012,1,2,9,11,29,31,7
1435,13/06/2012,3,5,19,20,22,31,3
1436,15/06/2012,4,6,21,27,28,36,5
1437,17/06/2012,14,16,21,22,23,26,4
1438,19/06/2012,1,7,15,28,29,31,6
1439,21/06/2012,10,16,23,29,32,33,1
1440,23/06/2012,3,9,10,16,17,30,2
1441,25/06/2012,4,7,10,18,19,30,5
1442,27/06/2012,2,7,14,15,20,34,6
1443,29/06/2012,1,10,16,22,32,37,6
1444,1/7/2012,1,9,19,26,29,32,7
1445,3/7/2012,2,3,12,16,20,24,1
1446,5/7/2012,7,8,12,22,25,35,5
1447,7/7/2012,5,6,24,28,30,37,4
1448,9/7/2012,3,7,13,17,28,37,6
1449,11/7/2012,6,7,9,30,36,37,1
1450,13/07/2012,10,15,27,31,32,36,3
1451,15/07/2012,14,16,21,23,28,35,7
1452,17/07/2012,7,12,17,18,27,37,5
1453,19/07/2012,3,13,19,24,27,31,3
1454,21/07/2012,2,3,11,20,34,36,7
1455,23/07/2012,1,3,14,16,22,35,6
1456,25/07/2012,1,7,10,11,27,30,3
1457,27/07/2012,3,9,13,22,28,33,6
1458,29/07/2012,2,9,11,27,28,31,4
1459,31/07/2012,3,7,16,27,31,37,4
1460,2/8/2012,14,19,21,23,25,36,7
1461,4/8/2012,3,6,18,20,23,37,6
1462,6/8/2012,7,14,17,26,29,37,4
1463,8/8/2012,2,11,12,24,29,33,3
1464,10/8/2012,9,20,21,27,30,32,7
1465,12/8/2012,10,16,27,28,29,34,2
1466,14/08/2012,5,12,18,24,30,37,2
1467,16/08/2012,1,2,22,24,35,37,3
1468,18/08/2012,2,12,13,19,27,33,1
1469,20/08/2012,4,11,17,32,33,35,1
1470,22/08/2012,1,9,12,15,26,31,4
1471,24/08/2012,8,9,10,15,22,37,1
1472,26/08/2012,3,7,15,23,33,36,1
1473,28/08/2012,6,7,16,23,28,36,4
1474,30/08/2012,4,17,19,28,29,33,7
1475,1/9/2012,8,11,13,18,25,35,6
1476,3/9/2012,1,10,13,23,26,36,2
1477,5/9/2012,13,18,27,30,32,34,5
1478,7/9/2012,3,11,12,13,26,31,5
1479,9/9/2012,3,4,17,19,23,29,4
1480,11/9/2012,7,15,17,27,33,34,6
1481,13/09/2012,2,6,9,17,23,27,2
1482,15/09/2012,6,8,12,15,25,26,6
1483,17/09/2012,8,9,12,20,22,26,4
1484,19/09/2012,1,4,10,24,34,36,4
1485,21/09/2012,6,9,15,23,35,36,4
1486,23/09/2012,1,16,27,28,30,37,1
1487,25/09/2012,8,12,14,21,34,36,7
1488,27/09/2012,9,10,14,18,19,31,7
1489,29/09/2012,1,6,11,22,28,30,4
1490,1/10/2012,5,8,23,28,34,35,1
1491,3/10/2012,1,14,15,20,22,34,1
1492,5/10/2012,2,4,9,18,25,26,3
1493,7/10/2012,7,12,14,15,26,35,2
1494,9/10/2012,3,11,12,13,20,36,3
1495,11/10/2012,4,12,13,15,28,34,4
1496,13/10/2012,1,5,9,18,26,30,7
1497,15/10/2012,6,8,9,15,20,30,3
1498,17/10/2012,8,10,18,22,29,36,4
1499,19/10/2012,8,12,23,24,31,37,7
1500,21/10/2012,4,6,20,21,22,27,3
1501,23/10/2012,4,11,15,19,21,28,6
1502,25/10/2012,11,17,23,28,31,34,5
1503,27/10/2012,8,9,11,23,30,31,5
1504,29/10/2012,10,21,27,28,30,36,1
1505,31/10/2012,3,6,8,10,24,32,3
1506,2/11/2012,4,7,12,13,24,31,5
1507,4/11/2012,3,11,16,25,26,34,3
1508,6/11/2012,8,12,16,20,24,34,2
1509,8/11/2012,2,5,10,17,18,36,7
1510,10/11/2012,9,20,25,26,29,31,5
1511,12/11/2012,3,5,12,18,26,33,5
1512,14/11/2012,10,11,13,22,31,32,1
1513,16/11/2012,7,12,13,20,22,35,5
1514,18/11/2012,1,10,19,27,31,35,5
1515,20/11/2012,5,21,23,26,29,34,6
1516,22/11/2012,3,12,15,22,30,31,6
1517,24/11/2012,2,3,13,20,26,32,2
1518,26/11/2012,4,7,13,16,17,32,2
1519,28/11/2012,3,4,16,21,25,29,4
1520,30/11/2012,2,14,15,19,27,34,3
1521,2/12/2012,1,9,16,19,23,31,1
1522,4/12/2012,12,16,18,26,30,37,1
1523,6/12/2012,2,4,12,13,16,28,2
1524,8/12/2012,1,3,4,7,14,18,3
1525,10/12/2012,5,14,17,20,34,35,7
1526,12/12/2012,3,6,15,23,35,37,6
1527,14/12/2012,1,17,23,24,28,35,6
1528,16/12/2012,10,16,19,23,28,31,3
1529,18/12/2012,8,10,22,23,28,29,3
1530,20/12/2012,3,8,18,22,30,35,7
1531,22/12/2012,3,14,16,19,29,37,4
1532,24/12/2012,6,12,19,26,27,36,4
1533,26/12/2012,7,8,9,12,13,26,1
1534,28/12/2012,10,17,23,24,25,35,3
1535,30/12/2012,4,12,16,20,24,35,5
1536,1/1/2013,8,9,23,24,30,31,7
1537,3/1/2013,2,20,23,26,30,33,4
1538,5/1/2013,2,8,12,18,26,34,2
1539,7/1/2013,2,7,23,27,30,34,5
1540,9/1/2013,3,5,9,24,33,34,1
1541,11/1/2013,1,13,17,21,24,36,1
1542,13/01/2013,7,10,12,13,23,24,4
1543,15/01/2013,3,7,25,28,31,32,1
1544,17/01/2013,1,7,11,13,16,30,5
1545,19/01/2013,1,10,12,13,16,22,7
1546,21/01/2013,9,12,24,28,34,36,2
1547,23/01/2013,1,8,13,16,24,29,4
1548,25/01/2013,7,11,14,26,32,37,1
1549,27/01/2013,2,8,11,12,33,37,7
1550,29/01/2013,4,5,14,19,22,23,4
1551,31/01/2013,5,8,10,26,34,36,2
1552,2/2/2013,1,7,11,12,17,26,2
1553,4/2/2013,6,13,18,20,24,36,1
1554,6/2/2013,5,6,9,27,33,35,4
1555,8/2/2013,3,6,9,10,23,33,7
1556,10/2/2013,14,17,23,29,36,37,3
1557,12/2/2013,5,8,24,25,31,34,1
1558,14/02/2013,1,8,10,18,22,25,3
1559,16/02/2013,1,12,22,23,30,35,3
1560,18/02/2013,2,10,13,28,30,35,3
1561,20/02/2013,4,16,20,24,26,29,5
1562,22/02/2013,2,10,14,19,23,26,2
1563,24/02/2013,1,20,21,22,24,27,7
1564,26/02/2013,1,7,9,11,35,37,2
1565,28/02/2013,17,19,20,26,31,36,2
1566,2/3/2013,1,5,16,17,23,36,2
1567,4/3/2013,1,7,8,11,35,36,1
1568,6/3/2013,3,11,30,31,33,34,6
1569,8/3/2013,3,13,21,25,26,27,6
1570,10/3/2013,1,2,4,5,16,23,6
1571,12/3/2013,10,12,20,27,28,37,1
1572,14/03/2013,5,12,14,18,21,22,7
1573,16/03/2013,2,7,8,10,15,25,6
1574,18/03/2013,9,13,15,28,31,32,6
1575,20/03/2013,7,12,15,22,27,36,4
1576,22/03/2013,20,22,23,33,35,36,3
1577,24/03/2013,9,12,19,24,31,34,1
1578,26/03/2013,22,23,24,29,31,37,1
1579,28/03/2013,6,8,16,23,28,31,4
1580,30/03/2013,1,2,9,23,25,34,5
1581,1/4/2013,5,23,26,31,32,33,1
1582,3/4/2013,14,16,23,26,27,35,6
1583,5/4/2013,6,8,11,13,28,32,1
1584,7/4/2013,5,6,7,19,22,34,7
1585,9/4/2013,2,12,18,21,31,32,7
1586,11/4/2013,5,9,23,24,25,36,4
1587,13/04/2013,4,5,6,9,11,12,4
1588,15/04/2013,5,10,12,15,16,17,3
1589,17/04/2013,2,4,8,12,21,29,2
1590,19/04/2013,1,3,8,17,24,25,3
1591,21/04/2013,3,10,11,28,30,36,1
1592,23/04/2013,2,7,13,16,23,24,5
1593,25/04/2013,6,7,21,26,28,32,1
1594,27/04/2013,3,5,11,19,32,35,3
1595,29/04/2013,2,6,16,28,34,37,3
1596,1/5/2013,8,10,11,15,17,26,7
1597,3/5/2013,6,11,26,29,32,33,4
1598,5/5/2013,1,24,26,27,28,31,6
1599,7/5/2013,2,14,26,31,33,35,2
1600,9/5/2013,1,9,23,26,28,35,7
1601,11/5/2013,11,12,20,26,32,34,3
1602,13/05/2013,4,16,18,20,26,31,4
1603,15/05/2013,1,4,14,22,27,34,7
1604,17/05/2013,2,14,18,20,21,30,4
1605,19/05/2013,6,8,9,15,27,34,5
1606,21/05/2013,6,13,29,34,35,37,7
1607,23/05/2013,1,8,11,17,32,35,3
1608,25/05/2013,6,12,21,24,36,37,1
1609,27/05/2013,6,12,13,16,28,32,6
1610,29/05/2013,4,9,19,22,26,30,1
1611,31/05/2013,6,8,17,18,19,36,1
1612,2/6/2013,2,4,10,11,28,30,3
1613,4/6/2013,5,11,22,24,25,33,3
1614,6/6/2013,9,13,15,16,24,36,2
1615,8/6/2013,2,16,18,19,23,33,1
1616,10/6/2013,9,11,19,24,34,37,7
1617,12/6/2013,13,16,18,22,32,36,6
1618,14/06/2013,6,7,20,24,26,33,1
1619,16/06/2013,4,7,14,15,17,20,5
1620,18/06/2013,6,7,15,21,23,31,7
1621,20/06/2013,2,10,11,17,23,35,3
1622,22/06/2013,10,11,23,29,32,37,6
1623,24/06/2013,3,4,9,20,25,30,3
1624,26/06/2013,1,13,16,20,21,31,5
1625,28/06/2013,14,17,20,21,30,37,2
1626,30/06/2013,9,11,20,21,33,35,1
1627,2/7/2013,9,16,17,23,26,37,6
1628,4/7/2013,7,16,17,30,31,36,1
1629,6/7/2013,2,4,9,11,13,29,3
1630,8/7/2013,4,10,17,22,25,34,3
1631,10/7/2013,4,11,22,23,24,27,4
1632,12/7/2013,2,9,12,13,23,28,3
1633,14/07/2013,20,24,26,31,34,35,1
1634,16/07/2013,1,3,7,20,24,27,3
1635,18/07/2013,5,14,21,30,31,37,4
1636,20/07/2013,7,9,31,34,35,37,5
1637,22/07/2013,6,8,13,21,28,33,7
1638,24/07/2013,1,2,15,17,27,30,7
1639,26/07/2013,2,5,11,16,17,23,7
1640,28/07/2013,1,22,32,33,34,37,3
1641,30/07/2013,2,24,25,29,30,35,5
1642,1/8/2013,4,10,15,26,28,31,7
1643,3/8/2013,4,5,21,26,30,35,3
1644,5/8/2013,2,4,13,29,34,36,6
1645,7/8/2013,17,18,19,22,28,33,2
1646,9/8/2013,10,17,20,27,30,31,3
1647,11/8/2013,5,18,24,27,29,30,7
1648,13/08/2013,1,6,8,28,31,37,3
1649,15/08/2013,1,8,11,13,18,28,5
1650,17/08/2013,4,10,23,24,25,31,3
1651,19/08/2013,1,4,11,16,19,36,5
1652,21/08/2013,12,21,22,23,25,31,7
1653,23/08/2013,4,5,12,17,33,37,6
1654,25/08/2013,2,6,15,16,20,37,7
1655,27/08/2013,2,7,11,13,23,33,2
1656,29/08/2013,16,26,32,33,34,35,7
1657,31/08/2013,8,12,28,29,30,34,1
1658,2/9/2013,9,12,22,23,27,29,3
1659,4/9/2013,7,13,17,19,23,29,6
1660,6/9/2013,2,8,10,16,31,37,4
1661,8/9/2013,6,7,24,31,33,37,2
1662,10/9/2013,4,17,19,22,28,34,1
1663,12/9/2013,5,8,11,21,22,24,7
1664,14/09/2013,1,15,19,20,26,33,5
1665,16/09/2013,2,4,6,18,29,35,6
1666,18/09/2013,2,15,18,24,35,36,1
1667,20/09/2013,6,17,19,25,32,34,6
1668,22/09/2013,2,7,13,17,27,37,7
1669,24/09/2013,6,9,11,15,29,36,1
1670,26/09/2013,2,10,26,27,35,37,2
1671,28/09/2013,4,17,19,26,30,31,7
1672,30/09/2013,2,3,14,19,33,35,5
1673,2/10/2013,6,9,10,20,24,26,2
1674,4/10/2013,8,10,11,12,23,24,4
1675,6/10/2013,1,8,14,16,17,28,7
1676,8/10/2013,2,4,16,17,22,29,6
1677,10/10/2013,4,15,18,19,22,36,3
1678,12/10/2013,4,17,18,21,23,36,1
1679,14/10/2013,6,8,13,15,17,25,3
1680,16/10/2013,5,15,19,20,23,24,5
1681,18/10/2013,4,8,9,10,17,18,7
1682,20/10/2013,15,17,18,22,23,25,7
1683,22/10/2013,2,8,11,12,13,37,6
1684,24/10/2013,1,17,20,27,31,34,4
1685,26/10/2013,5,10,18,22,25,36,2
1686,28/10/2013,2,5,14,18,29,32,5
1687,30/10/2013,5,10,16,24,25,27,5
1688,1/11/2013,3,4,10,20,31,34,2
1689,3/11/2013,21,23,26,33,35,37,4
1690,5/11/2013,1,5,29,31,32,33,2
1691,7/11/2013,17,25,26,29,33,34,3
1692,9/11/2013,1,11,14,22,24,30,1
1693,11/11/2013,10,11,13,28,33,35,4
1694,13/11/2013,3,7,9,11,14,23,2
1695,15/11/2013,4,5,6,20,32,34,6
1696,17/11/2013,1,2,13,15,26,36,7
1697,19/11/2013,4,5,13,24,31,35,1
1698,21/11/2013,5,8,11,14,27,37,7
1699,23/11/2013,8,15,17,20,26,27,6
1700,25/11/2013,2,9,10,25,28,31,2
1701,27/11/2013,7,16,25,30,31,32,2
1702,29/11/2013,4,9,12,13,19,27,4
1703,1/12/2013,1,13,15,25,26,34,3
1704,3/12/2013,7,9,11,15,27,34,2
1705,5/12/2013,1,4,6,7,32,34,4
1706,7/12/2013,1,20,21,29,30,31,4
1707,9/12/2013,2,6,8,10,12,34,2
1708,11/12/2013,1,3,8,20,21,29,5
1709,13/12/2013,3,4,9,10,30,37,7
1710,15/12/2013,4,9,10,25,27,33,5
1711,17/12/2013,5,15,19,20,32,35,7
1712,19/12/2013,4,9,12,32,33,34,2
1713,21/12/2013,4,14,17,24,28,36,2
1714,23/12/2013,2,18,22,23,27,35,4
1715,25/12/2013,4,5,15,16,33,34,4
1716,27/12/2013,1,7,8,12,25,30,2
1717,29/12/2013,3,8,12,14,15,36,5
1718,31/12/2013,5,12,13,19,27,35,3
1719,2/1/2014,2,15,23,26,33,37,5
1720,4/1/2014,9,18,20,22,29,30,3
1721,6/1/2014,9,10,14,24,26,28,6
1722,8/1/2014,14,19,20,26,28,31,4
1723,10/1/2014,6,10,14,18,19,23,6
1724,12/1/2014,2,6,15,16,30,32,5
1725,14/01/2014,1,2,4,6,7,19,2
1726,16/01/2014,11,18,22,25,27,29,2
1727,18/01/2014,5,10,15,21,28,36,3
1728,20/01/2014,2,4,20,24,25,29,4
1729,22/01/2014,3,4,11,27,30,33,2
1730,24/01/2014,7,12,13,21,26,33,1
1731,26/01/2014,4,8,14,30,31,36,5
1732,28/01/2014,8,16,20,22,26,35,4
1733,30/01/2014,2,3,4,9,34,35,7
1734,1/2/2014,8,12,19,21,25,26,5
1735,3/2/2014,4,8,17,26,28,36,1
1736,5/2/2014,2,7,12,13,18,37,6
1737,7/2/2014,8,11,20,27,31,34,6
1738,9/2/2014,8,9,15,21,27,34,7
1739,11/2/2014,10,13,16,18,30,31,3
1740,13/02/2014,4,12,16,19,33,35,1
1741,15/02/2014,10,12,14,18,32,36,1
1742,17/02/2014,3,8,20,21,23,31,7
1743,19/02/2014,5,7,8,11,16,32,1
1744,21/02/2014,13,14,17,20,29,34,3
1745,23/02/2014,16,20,24,27,28,37,6
1746,25/02/2014,13,14,15,25,35,37,2
1747,27/02/2014,10,23,24,30,32,34,2
1748,1/3/2014,6,7,8,16,25,32,6
1749,3/3/2014,3,16,18,25,27,34,3
1750,5/3/2014,3,14,18,20,24,33,4
1751,7/3/2014,1,10,11,14,23,26,3
1752,9/3/2014,3,5,7,9,14,17,7
1753,11/3/2014,4,12,15,17,30,34,3
1754,13/03/2014,2,10,13,19,30,32,5
1755,15/03/2014,5,14,24,30,33,36,3
1756,17/03/2014,19,22,26,30,32,36,4
1757,19/03/2014,3,9,20,26,27,33,7
1758,21/03/2014,10,18,25,28,29,34,5
1759,23/03/2014,1,4,12,20,27,29,2
1760,25/03/2014,2,12,15,31,33,35,5
1761,27/03/2014,1,6,21,24,28,37,7
1762,29/03/2014,1,3,9,17,35,36,7
1763,31/03/2014,13,16,17,22,32,35,7
1764,2/4/2014,6,9,13,23,25,30,7
1765,4/4/2014,13,14,16,24,32,37,6
1766,6/4/2014,7,13,20,26,32,36,7
1767,8/4/2014,18,19,21,23,32,33,7
1768,10/4/2014,5,6,11,20,25,34,3
1769,12/4/2014,2,8,14,29,32,34,5
1770,14/04/2014,11,14,22,28,35,36,6
1771,16/04/2014,6,11,14,20,21,22,7
1772,18/04/2014,3,13,25,26,34,37,7
1773,20/04/2014,4,8,14,20,27,29,3
1774,22/04/2014,9,14,22,27,35,36,6
1775,24/04/2014,4,7,23,25,29,37,5
1776,26/04/2014,7,9,11,23,27,30,6
1777,28/04/2014,2,3,7,16,24,36,4
1778,30/04/2014,1,4,9,10,13,33,2
1779,2/5/2014,4,8,18,21,32,33,3
1780,4/5/2014,1,21,25,27,30,34,6
1781,6/5/2014,6,10,13,16,20,30,2
1782,8/5/2014,7,8,27,32,33,34,1
1783,10/5/2014,3,6,12,14,25,32,4
1784,12/5/2014,2,3,4,24,25,33,7
1785,14/05/2014,8,12,13,22,23,37,1
1786,16/05/2014,3,10,17,22,29,34,6
1787,18/05/2014,8,11,15,19,23,36,5
1788,20/05/2014,2,5,11,12,16,25,2
1789,22/05/2014,3,4,8,29,32,37,6
1790,24/05/2014,7,8,11,18,20,28,6
1791,26/05/2014,3,10,11,23,34,35,3
1792,28/05/2014,10,24,26,30,35,37,5
1793,30/05/2014,1,2,4,11,17,33,6
1794,1/6/2014,3,15,17,21,26,32,1
1795,3/6/2014,6,7,9,30,35,37,2
1796,5/6/2014,2,8,17,29,31,32,2
1797,7/6/2014,2,6,12,19,21,25,7
1798,9/6/2014,1,5,6,10,20,31,6
1799,11/6/2014,2,9,10,16,22,32,3
1800,13/06/2014,4,12,19,22,23,24,6
1801,15/06/2014,2,5,7,18,19,26,6
1802,17/06/2014,18,25,29,33,35,36,5
1803,19/06/2014,5,10,20,25,34,35,1
1804,21/06/2014,9,15,18,20,23,31,1
1805,23/06/2014,11,15,22,30,33,35,2
1806,25/06/2014,5,16,17,18,22,33,7
1807,27/06/2014,4,11,12,14,29,36,1
1808,29/06/2014,1,4,9,21,24,29,7
1809,1/7/2014,8,12,19,21,34,36,6
1810,3/7/2014,1,5,9,10,16,35,6
1811,5/7/2014,5,12,21,34,35,36,2
1812,7/7/2014,18,22,23,26,32,36,5
1813,9/7/2014,9,14,26,31,33,34,3
1814,11/7/2014,1,15,22,24,31,37,1
1815,13/07/2014,4,8,9,11,18,30,3
1816,15/07/2014,2,4,10,17,19,23,1
1817,17/07/2014,1,19,23,31,32,35,5
1818,19/07/2014,10,11,13,15,22,33,2
1819,21/07/2014,13,17,25,26,29,30,1
1820,23/07/2014,10,13,15,24,27,28,4
1821,25/07/2014,12,23,24,27,33,34,5
1822,27/07/2014,6,13,16,24,35,37,3
1823,29/07/2014,1,5,13,18,22,23,5
1824,31/07/2014,2,3,15,27,33,34,5
1825,2/8/2014,2,5,6,11,19,27,5
1826,4/8/2014,2,10,19,31,32,35,1
1827,6/8/2014,14,18,20,21,33,36,2
1828,8/8/2014,1,4,25,27,33,34,5
1829,10/8/2014,11,12,17,23,36,37,5
1830,12/8/2014,17,21,25,27,28,32,3
1831,14/08/2014,2,4,8,21,33,37,2
1832,16/08/2014,9,11,17,24,32,35,2
1833,18/08/2014,11,17,20,26,27,30,1
1834,20/08/2014,9,12,20,25,34,36,4
1835,22/08/2014,5,7,14,15,17,26,5
1836,24/08/2014,2,12,14,23,25,29,6
1837,26/08/2014,1,5,14,17,19,33,6
1838,28/08/2014,1,6,7,11,24,30,1
1839,30/08/2014,4,5,7,26,35,36,3
1840,1/9/2014,4,6,14,15,27,30,6
1841,3/9/2014,11,15,16,18,36,37,4
1842,5/9/2014,9,11,28,32,33,36,1
1843,7/9/2014,7,13,15,18,19,26,3
1844,9/9/2014,8,25,26,30,32,34,2
1845,11/9/2014,5,6,13,25,26,34,5
1846,13/09/2014,10,24,27,28,32,34,5
1847,15/09/2014,4,10,15,16,31,36,7
1848,17/09/2014,3,6,25,27,31,35,1
1849,19/09/2014,2,5,7,19,25,28,1
1850,21/09/2014,1,2,13,24,33,34,3
1851,23/09/2014,4,5,8,9,26,27,2
1852,25/09/2014,3,5,18,23,34,36,5
1853,27/09/2014,2,16,17,20,22,27,5
1854,29/09/2014,11,12,15,21,22,32,7
1855,1/10/2014,4,19,26,28,29,36,1
1856,3/10/2014,14,15,18,28,32,33,4
1857,5/10/2014,12,13,16,18,21,35,1
1858,7/10/2014,6,26,29,35,36,37,6
1859,9/10/2014,10,15,17,24,30,36,6
1860,11/10/2014,1,23,25,30,34,36,4
1861,13/10/2014,7,19,25,30,32,33,6
1862,15/10/2014,6,10,18,20,29,36,6
1863,17/10/2014,11,12,16,18,19,25,7
1864,19/10/2014,3,5,8,19,20,33,3
1865,21/10/2014,2,3,11,13,22,27,1
1866,23/10/2014,1,13,21,22,27,31,3
1867,25/10/2014,1,16,27,33,35,37,2
1868,27/10/2014,8,14,17,25,30,32,7
1869,29/10/2014,15,16,21,24,26,31,5
1870,31/10/2014,8,13,15,18,22,29,5
1871,2/11/2014,1,5,8,9,31,33,4
1872,4/11/2014,18,19,20,22,31,36,1
1873,6/11/2014,1,4,13,27,30,37,3
1874,8/11/2014,5,9,14,23,24,34,4
1875,10/11/2014,7,15,16,19,20,23,5
1876,12/11/2014,6,11,14,20,25,35,1
1877,14/11/2014,10,11,12,19,22,24,3
1878,16/11/2014,7,19,20,22,27,35,4
1879,18/11/2014,3,7,15,22,33,36,4
1880,20/11/2014,2,10,12,23,27,37,5
1881,22/11/2014,14,15,20,24,25,32,3
1882,24/11/2014,3,4,7,10,27,29,6
1883,26/11/2014,13,21,25,33,34,35,7
1884,28/11/2014,2,8,15,17,19,26,3
1885,30/11/2014,1,4,8,20,23,26,6
1886,2/12/2014,3,7,13,22,33,35,4
1887,4/12/2014,14,20,23,31,32,33,4
1888,6/12/2014,1,10,11,16,24,32,6
1889,8/12/2014,1,5,13,20,22,27,1
1890,10/12/2014,11,16,17,21,25,34,1
1891,12/12/2014,1,2,10,20,31,34,5
1892,14/12/2014,5,17,20,28,31,34,5
1893,16/12/2014,6,14,15,17,26,36,5
1894,18/12/2014,4,10,12,15,26,34,3
1895,20/12/2014,4,20,22,24,30,31,1
1896,22/12/2014,7,12,13,17,20,30,4
1897,24/12/2014,8,14,21,31,32,37,5
1898,26/12/2014,6,8,20,22,28,37,1
1899,28/12/2014,3,5,10,14,16,19,5
1900,30/12/2014,3,7,9,14,24,34,4
1901,1/1/2015,7,21,24,30,33,34,6
1902,3/1/2015,2,4,14,31,32,33,4
1903,5/1/2015,2,12,19,29,34,37,7
1904,7/1/2015,9,11,20,28,31,35,1
1905,9/1/2015,1,3,7,14,29,36,5
1906,11/1/2015,8,13,14,19,21,27,7
1907,13/01/2015,12,16,24,27,30,33,3
1908,15/01/2015,11,14,15,25,31,37,5
1909,17/01/2015,9,11,12,14,18,19,7
1910,19/01/2015,1,4,14,15,32,33,2
1911,21/01/2015,1,13,17,23,26,33,6
1912,23/01/2015,4,10,14,19,24,37,4
1913,25/01/2015,9,11,19,24,27,33,5
1914,27/01/2015,1,15,16,17,21,33,4
1915,29/01/2015,3,4,20,21,26,34,5
1916,31/01/2015,1,3,6,11,12,35,7
1917,2/2/2015,2,5,10,11,15,35,1
1918,4/2/2015,5,13,14,18,21,33,2
1919,6/2/2015,7,12,22,27,32,36,2
1920,8/2/2015,13,16,20,22,24,32,7
1921,10/2/2015,1,11,12,29,30,37,4
1922,12/2/2015,3,6,15,16,23,37,1
1923,14/02/2015,2,19,27,32,33,34,1
1924,16/02/2015,2,5,13,19,22,25,2
1925,18/02/2015,5,6,10,11,27,33,6
1926,20/02/2015,2,12,18,20,25,26,1
1927,22/02/2015,5,8,10,20,28,29,5
1928,24/02/2015,2,8,9,13,18,32,3
1929,26/02/2015,2,5,22,26,35,36,2
1930,28/02/2015,2,8,14,16,26,27,4
1931,2/3/2015,1,5,7,11,12,31,3
1932,4/3/2015,3,11,18,20,22,27,3
1933,6/3/2015,3,17,21,23,24,37,7
1934,8/3/2015,3,9,17,18,24,27,7
1935,10/3/2015,2,10,21,26,33,36,2
1936,12/3/2015,1,6,15,23,24,34,6
1937,14/03/2015,3,7,10,25,27,35,3
1938,16/03/2015,5,18,19,27,32,34,7
1939,18/03/2015,2,7,16,18,24,37,7
1940,20/03/2015,6,13,19,20,25,28,1
1941,22/03/2015,3,7,11,18,29,32,2
1942,24/03/2015,1,2,5,10,19,27,7
1943,26/03/2015,4,14,16,23,25,32,3
1944,28/03/2015,4,9,15,17,23,29,2
1945,30/03/2015,16,19,20,24,27,36,4
1946,1/4/2015,1,7,14,29,34,37,4
1947,3/4/2015,5,23,24,31,35,36,1
1948,5/4/2015,4,14,21,23,27,37,7
1949,7/4/2015,5,7,17,18,21,36,7
1950,9/4/2015,4,13,16,20,21,28,3
1951,11/4/2015,6,9,20,23,28,31,7
1952,13/04/2015,1,23,26,27,34,37,3
1953,15/04/2015,5,18,20,27,28,33,3
1954,17/04/2015,15,20,30,33,35,37,7
1955,19/04/2015,5,10,11,21,26,36,3
1956,21/04/2015,5,8,23,28,29,36,5
1957,23/04/2015,2,16,21,22,32,34,2
1958,25/04/2015,14,16,19,29,30,33,2
1959,27/04/2015,1,2,3,18,20,35,5
1960,29/04/2015,18,22,25,26,30,35,4
1961,1/5/2015,2,4,10,12,22,33,4
1962,3/5/2015,5,7,12,20,21,24,1
1963,5/5/2015,6,12,13,19,25,34,1
1964,7/5/2015,2,7,10,12,13,29,2
1965,9/5/2015,5,12,22,23,24,35,2
1966,11/5/2015,2,3,14,24,31,37,4
1967,13/05/2015,1,10,16,21,23,37,1
1968,15/05/2015,4,8,10,14,27,33,6
1969,17/05/2015,3,10,11,16,24,26,1
1970,19/05/2015,3,8,9,14,16,23,1
1971,21/05/2015,5,7,13,21,31,36,6
1972,23/05/2015,2,8,14,19,21,25,4
1973,25/05/2015,6,12,22,24,30,35,3
1974,27/05/2015,1,7,10,11,21,32,6
1975,29/05/2015,3,6,12,16,31,36,2
1976,31/05/2015,1,4,15,24,27,30,3
1977,2/6/2015,9,16,17,29,30,31,6
1978,4/6/2015,2,5,15,20,23,25,4
1979,6/6/2015,2,6,10,24,34,37,1
1980,8/6/2015,1,5,9,25,28,33,4
1981,10/6/2015,7,9,10,12,23,35,3
1982,12/6/2015,1,4,6,17,30,34,4
1983,14/06/2015,2,8,11,22,23,30,5
1984,16/06/2015,14,20,22,24,25,32,1
1985,18/06/2015,2,24,25,26,33,36,5
1986,20/06/2015,5,7,17,25,27,31,2
1987,22/06/2015,3,5,10,17,29,31,4
1988,24/06/2015,5,8,10,12,35,36,4
1989,26/06/2015,8,11,17,19,28,37,5
1990,28/06/2015,1,2,3,6,9,22,7
1991,30/06/2015,13,24,28,32,33,37,7
1992,2/7/2015,5,21,22,28,30,31,6
1993,4/7/2015,3,8,11,17,29,31,3
1994,6/7/2015,11,19,24,28,29,31,1
1995,8/7/2015,2,12,23,29,30,37,3
1996,10/7/2015,15,20,27,30,36,37,5
1997,12/7/2015,5,9,15,16,25,35,7
1998,14/07/2015,7,9,11,13,19,24,3
1999,16/07/2015,8,10,13,17,23,32,2
2000,18/07/2015,4,9,12,17,29,31,7
2001,20/07/2015,2,3,4,6,11,24,5
2002,22/07/2015,1,8,17,19,21,33,5
2003,24/07/2015,8,15,19,20,26,36,7
2004,26/07/2015,1,7,10,14,24,34,4
2005,28/07/2015,1,5,14,29,30,32,6
2006,30/07/2015,4,5,21,26,35,36,6
2007,1/8/2015,5,11,12,13,23,27,7
2008,3/8/2015,4,8,10,25,26,35,4
2009,5/8/2015,4,11,12,18,22,27,7
2010,7/8/2015,9,15,29,30,32,33,7
2011,9/8/2015,11,16,19,20,34,35,1
2012,11/8/2015,1,7,13,22,24,31,5
2013,13/08/2015,4,22,25,26,28,29,4
2014,15/08/2015,13,14,21,22,26,28,4
2015,17/08/2015,3,5,6,9,27,33,7
2016,19/08/2015,6,9,17,19,29,36,1
2017,21/08/2015,13,14,21,22,29,33,6
2018,23/08/2015,2,9,20,26,33,35,1
2019,25/08/2015,10,11,16,32,33,36,7
2020,27/08/2015,12,24,27,29,30,31,5
2021,29/08/2015,3,16,18,26,29,35,4
2022,31/08/2015,4,19,20,27,29,35,6
2023,2/9/2015,7,21,22,25,29,37,7
2024,4/9/2015,12,13,17,20,27,31,5
2025,6/9/2015,1,6,12,24,31,36,4
2026,8/9/2015,7,8,15,21,33,35,5
2027,10/9/2015,1,6,7,21,26,30,6
2028,12/9/2015,2,12,17,23,24,34,2
2029,14/09/2015,9,12,27,31,32,35,3
2030,16/09/2015,1,19,24,25,31,33,6
2031,18/09/2015,12,18,22,24,29,30,5
2032,20/09/2015,3,8,12,15,30,36,6
2033,22/09/2015,7,9,13,26,27,37,6
2034,24/09/2015,4,5,8,24,34,36,3
2035,26/09/2015,3,5,11,20,32,37,6
2036,28/09/2015,1,2,4,9,26,27,4
2037,30/09/2015,4,9,17,20,30,36,1
2038,2/10/2015,1,5,6,7,15,31,2
2039,4/10/2015,1,17,19,26,35,37,5
2040,6/10/2015,22,25,27,32,34,36,7
2041,8/10/2015,3,9,16,20,29,30,1
2042,10/10/2015,7,10,15,20,22,33,7
2043,12/10/2015,9,16,17,27,30,31,7
2044,14/10/2015,7,8,17,21,32,34,5
2045,16/10/2015,4,7,9,16,20,27,4
2046,18/10/2015,13,20,22,26,27,36,7
2047,20/10/2015,4,9,15,26,27,31,4
2048,22/10/2015,16,19,23,25,32,34,3
2049,24/10/2015,1,7,17,27,28,34,1
2050,26/10/2015,14,18,22,23,25,27,3
2051,28/10/2015,6,14,22,28,30,35,1
2052,30/10/2015,2,5,15,22,26,33,4
2053,1/11/2015,3,9,13,17,19,32,7
2054,3/11/2015,8,14,15,20,23,35,2
2055,5/11/2015,5,7,11,12,18,29,5
2056,7/11/2015,11,13,17,28,33,37,6
2057,9/11/2015,4,7,10,18,26,30,7
2058,11/11/2015,4,8,10,14,21,27,2
2059,13/11/2015,6,17,27,29,30,37,2
2060,15/11/2015,1,5,19,24,31,37,5
2061,17/11/2015,5,8,19,21,24,31,5
2062,19/11/2015,2,11,22,29,34,36,5
2063,21/11/2015,7,10,12,15,24,33,1
2064,23/11/2015,6,20,21,29,30,31,4
2065,25/11/2015,6,12,14,15,17,36,1
2066,27/11/2015,4,8,13,19,25,28,4
2067,29/11/2015,3,6,13,16,31,33,5
2068,1/12/2015,5,8,25,30,31,32,1
2069,3/12/2015,6,17,18,19,24,35,5
2070,5/12/2015,5,6,7,21,25,34,5
2071,7/12/2015,1,6,8,10,15,31,6
2072,9/12/2015,15,18,23,25,28,34,7
2073,11/12/2015,2,4,6,13,33,37,1
2074,13/12/2015,3,15,16,18,23,34,1
2075,15/12/2015,5,15,21,26,29,32,1
2076,17/12/2015,6,11,13,17,21,34,4
2077,19/12/2015,1,3,5,19,23,36,4
2078,21/12/2015,3,13,23,24,31,37,5
2079,23/12/2015,12,13,16,26,30,36,6
2080,25/12/2015,3,11,21,26,27,31,4
2081,27/12/2015,4,5,13,28,29,31,2
2082,29/12/2015,2,5,8,11,22,27,3
2083,31/12/2015,1,2,8,17,18,34,1
2084,2/1/2016,14,18,21,26,28,35,4
2085,4/1/2016,3,4,6,11,13,15,1
2086,6/1/2016,5,14,18,29,33,35,7
2087,8/1/2016,6,9,10,16,23,30,2
2088,10/1/2016,7,13,14,25,32,37,7
2089,12/1/2016,8,12,23,25,34,36,1
2090,14/01/2016,1,9,16,24,25,31,1
2091,16/01/2016,6,10,19,24,25,35,4
2092,18/01/2016,14,21,23,25,28,33,2
2093,20/01/2016,2,10,23,26,28,36,7
2094,22/01/2016,1,4,12,20,24,26,6
2095,24/01/2016,8,12,14,18,32,36,3
2096,26/01/2016,2,7,13,19,20,28,2
2097,28/01/2016,6,15,18,24,25,37,2
2098,30/01/2016,8,16,25,35,36,37,5
2099,1/2/2016,4,8,13,18,26,28,1
2100,3/2/2016,6,19,27,30,31,35,3
2101,5/2/2016,4,9,12,18,24,33,5
2102,7/2/2016,7,20,29,30,33,37,4
2103,9/2/2016,4,6,22,27,33,34,5
2104,11/2/2016,12,14,23,26,32,34,5
2105,13/02/2016,4,5,10,28,29,36,1
2106,15/02/2016,2,14,22,25,35,36,1
2107,17/02/2016,3,5,13,18,25,34,1
2108,19/02/2016,9,12,15,17,18,23,3
2109,21/02/2016,3,21,26,28,34,35,4
2110,23/02/2016,8,11,15,28,32,35,2
2111,25/02/2016,8,23,24,30,32,34,2
2112,27/02/2016,4,7,18,19,32,37,4
2113,29/02/2016,1,6,12,17,21,36,3
2114,2/3/2016,14,16,30,32,33,37,3
2115,4/3/2016,14,15,22,23,31,37,3
2116,6/3/2016,10,11,12,24,27,37,4
2117,8/3/2016,10,13,23,29,31,34,4
2118,10/3/2016,1,9,28,29,33,37,2
2119,12/3/2016,1,12,14,18,32,33,6
2120,14/03/2016,8,10,15,27,29,37,4
2121,16/03/2016,2,3,12,19,24,27,2
2122,18/03/2016,6,14,20,26,28,29,6
2123,20/03/2016,1,4,15,17,27,28,1
2124,22/03/2016,1,4,9,16,22,25,6
2125,24/03/2016,4,12,14,15,21,31,5
2126,26/03/2016,7,16,18,25,34,36,3
2127,28/03/2016,5,8,11,22,33,34,4
2128,30/03/2016,6,8,14,15,21,25,1
2129,1/4/2016,2,9,10,19,31,35,1
2130,3/4/2016,1,15,19,23,28,30,7
2131,5/4/2016,12,14,23,25,26,27,6
2132,7/4/2016,6,8,10,17,29,37,6
2133,9/4/2016,3,6,15,21,23,34,4
2134,11/4/2016,10,20,21,27,30,35,7
2135,13/04/2016,1,11,18,23,32,36,3
2136,15/04/2016,2,3,11,15,16,30,5
2137,17/04/2016,1,15,19,20,23,37,7
2138,19/04/2016,7,10,21,23,24,37,2
2139,21/04/2016,3,13,16,19,31,37,6
2140,23/04/2016,17,23,24,34,36,37,6
2141,25/04/2016,16,20,25,28,29,35,2
2142,27/04/2016,5,7,11,12,14,36,1
2143,29/04/2016,1,14,21,29,30,34,2
2144,1/5/2016,10,15,23,27,30,31,7
2145,3/5/2016,4,20,21,25,28,34,3
2146,5/5/2016,4,12,17,19,22,30,1
2147,7/5/2016,3,11,24,27,32,36,4
2148,9/5/2016,2,6,12,18,25,34,5
2149,11/5/2016,1,2,11,12,18,36,3
2150,13/05/2016,1,21,22,23,25,36,4
2151,15/05/2016,8,10,14,19,28,30,2
2152,17/05/2016,12,15,19,20,28,32,4
2153,19/05/2016,1,7,14,15,18,33,4
2154,21/05/2016,4,9,28,30,31,37,6
2155,23/05/2016,2,12,15,16,27,30,2
2156,25/05/2016,7,14,15,26,28,33,6
2157,27/05/2016,8,11,18,24,25,28,2
2158,29/05/2016,10,17,22,29,31,36,6
2159,31/05/2016,3,8,11,19,21,30,1
2160,2/6/2016,10,19,27,31,32,37,7
2161,4/6/2016,7,10,18,21,28,33,4
2162,6/6/2016,13,18,25,27,28,36,3
2163,8/6/2016,12,13,20,27,29,34,6
2164,10/6/2016,2,10,14,20,34,36,5
2165,12/6/2016,1,11,12,18,29,32,6
2166,14/06/2016,8,9,11,23,25,36,7
2167,16/06/2016,1,8,27,31,34,37,5
2168,18/06/2016,6,7,19,20,22,37,2
2169,20/06/2016,1,9,11,14,22,35,5
2170,22/06/2016,7,8,19,20,28,30,1
2171,24/06/2016,8,13,16,19,25,36,1
2172,26/06/2016,2,11,18,25,26,34,1
2173,28/06/2016,3,15,28,31,32,36,1
2174,30/06/2016,2,4,14,16,18,32,3
2175,2/7/2016,3,5,12,20,24,26,2
2176,4/7/2016,6,7,11,22,31,36,5
2177,6/7/2016,1,4,11,15,20,26,4
2178,8/7/2016,4,14,22,26,29,32,7
2179,10/7/2016,16,19,22,23,31,33,5
2180,12/7/2016,3,11,22,25,31,33,1
2181,14/07/2016,2,5,10,23,31,35,2
2182,16/07/2016,4,18,24,27,29,33,7
2183,18/07/2016,3,7,13,17,31,33,1
2184,20/07/2016,1,3,6,13,29,35,7
2185,22/07/2016,7,12,16,18,25,36,7
2186,24/07/2016,7,15,16,17,20,25,1
2187,26/07/2016,6,8,9,11,20,24,3
2188,28/07/2016,7,15,19,21,32,34,4
2189,30/07/2016,5,14,19,30,32,34,5
2190,1/8/2016,3,4,15,24,28,34,4
2191,3/8/2016,7,11,16,21,24,36,7
2192,5/8/2016,2,13,20,24,28,29,4
2193,7/8/2016,2,5,12,18,26,34,1
2194,9/8/2016,2,9,12,18,23,25,2
2195,11/8/2016,8,10,16,22,25,34,4
2196,13/08/2016,3,7,11,24,30,33,2
2197,15/08/2016,2,6,9,23,24,34,3
2198,17/08/2016,2,4,5,10,12,36,7
2199,19/08/2016,5,7,8,13,24,33,2
2200,21/08/2016,8,16,22,25,31,33,2
2201,23/08/2016,3,10,11,12,27,28,1
2202,25/08/2016,2,6,9,10,34,36,2
2203,27/08/2016,4,19,26,33,34,35,5
2204,29/08/2016,4,5,6,13,18,22,2
2205,31/08/2016,8,9,21,30,33,37,2
2206,2/9/2016,10,16,25,27,29,30,7
2207,4/9/2016,10,15,18,22,26,34,1
2208,6/9/2016,2,4,8,14,30,36,2
2209,8/9/2016,3,5,10,15,28,30,3
2210,10/9/2016,7,20,23,24,25,37,6
2211,12/9/2016,2,13,23,24,30,33,3
2212,14/09/2016,5,13,23,28,33,36,6
2213,16/09/2016,9,12,20,26,28,34,7
2214,18/09/2016,7,9,10,18,29,30,7
2215,20/09/2016,13,15,27,28,29,36,1
2216,22/09/2016,10,12,22,27,33,36,5
2217,24/09/2016,6,8,12,13,17,27,3
2218,26/09/2016,6,9,18,23,24,33,5
2219,28/09/2016,2,4,5,11,15,19,1
2220,30/09/2016,11,14,18,22,31,34,3
2221,2/10/2016,4,19,21,23,32,37,1
2222,4/10/2016,2,5,9,14,17,18,2
2223,6/10/2016,2,15,18,26,31,37,1
2224,8/10/2016,1,4,12,13,26,34,5
2225,10/10/2016,3,9,12,18,21,25,1
2226,12/10/2016,6,18,21,23,34,37,3
2227,14/10/2016,2,9,17,18,23,24,6
2228,16/10/2016,2,18,19,20,23,30,5
2229,18/10/2016,3,10,16,28,29,34,7
2230,20/10/2016,11,12,13,24,31,35,3
2231,22/10/2016,2,5,12,15,21,25,4
2232,24/10/2016,3,18,22,23,30,34,7
2233,26/10/2016,6,7,14,15,30,33,3
2234,28/10/2016,3,6,7,23,26,33,4
2235,30/10/2016,7,10,13,17,20,37,2
2236,1/11/2016,10,11,12,19,33,36,1
2237,3/11/2016,4,6,8,13,21,22,7
2238,5/11/2016,7,9,13,15,24,27,6
2239,7/11/2016,3,7,15,17,21,27,4
2240,9/11/2016,5,19,23,24,25,28,1
2241,11/11/2016,10,13,23,31,32,34,1
2242,13/11/2016,16,17,18,20,28,33,7
2243,15/11/2016,3,25,26,27,28,29,2
2244,17/11/2016,5,6,9,17,28,36,6
2245,19/11/2016,2,4,9,27,35,37,2
2246,21/11/2016,3,6,17,31,32,33,2
2247,23/11/2016,1,11,13,21,22,24,3
2248,25/11/2016,1,5,19,26,32,37,2
2249,27/11/2016,4,10,20,21,31,36,4
2250,29/11/2016,18,20,26,30,31,37,2
2251,1/12/2016,3,6,13,19,20,30,7
2252,3/12/2016,5,10,13,19,22,34,3
2253,5/12/2016,3,10,28,29,30,32,7
2254,7/12/2016,2,3,10,12,13,34,3
2255,9/12/2016,1,7,9,21,26,35,5
2256,11/12/2016,8,11,12,15,18,23,1
2257,13/12/2016,3,8,13,16,33,35,3
2258,15/12/2016,5,6,21,27,32,33,5
2259,17/12/2016,7,14,18,20,26,33,5
2260,19/12/2016,3,5,9,17,21,27,3
2261,21/12/2016,5,7,13,20,28,36,7
2262,23/12/2016,14,17,26,29,36,37,7
2263,25/12/2016,2,3,4,17,30,34,2
2264,27/12/2016,1,3,8,14,21,28,1
2265,29/12/2016,4,17,19,25,27,35,6
2266,31/12/2016,1,3,5,9,17,26,2
2267,2/1/2017,1,5,10,13,20,35,7
2268,4/1/2017,11,17,18,25,34,35,4
2269,6/1/2017,2,11,19,25,30,37,2
2270,8/1/2017,12,18,24,25,27,33,3
2271,10/1/2017,5,19,24,27,28,36,7
2272,12/1/2017,4,5,11,18,21,28,4
2273,14/01/2017,1,6,8,11,16,30,1
2274,16/01/2017,1,6,11,29,34,36,2
2275,18/01/2017,9,16,18,24,27,32,4
2276,20/01/2017,6,10,11,17,26,30,7
2277,22/01/2017,6,8,23,27,34,35,5
2278,24/01/2017,2,4,9,10,15,17,2
2279,26/01/2017,16,25,26,27,29,33,3
2280,28/01/2017,1,8,13,20,24,32,3
2281,30/01/2017,4,8,21,32,35,36,1
2282,1/2/2017,4,5,8,11,27,32,7
2283,3/2/2017,5,8,15,21,24,30,5
2284,5/2/2017,1,14,22,23,28,31,1
2285,7/2/2017,6,20,21,22,34,37,6
2286,9/2/2017,10,22,23,24,25,27,7
2287,11/2/2017,2,10,11,23,28,31,3
2288,13/02/2017,5,9,20,23,29,36,3
2289,15/02/2017,8,13,18,28,29,33,1
2290,17/02/2017,3,8,10,11,15,34,3
2291,19/02/2017,1,4,5,7,30,31,4
2292,21/02/2017,1,14,17,20,24,34,3
2293,23/02/2017,13,25,26,30,36,37,1
2294,25/02/2017,11,16,20,26,30,31,2
2295,27/02/2017,5,8,10,18,25,36,6
2296,1/3/2017,1,9,15,27,32,35,5
2297,3/3/2017,8,16,17,24,30,36,3
2298,5/3/2017,10,14,15,19,27,36,3
2299,7/3/2017,2,10,12,16,17,29,1
2300,9/3/2017,5,13,20,21,28,31,2
2301,11/3/2017,13,14,15,20,28,29,7
2302,13/03/2017,4,5,16,19,21,25,1
2303,15/03/2017,4,6,8,18,20,26,5
2304,17/03/2017,4,12,21,30,32,36,7
2305,19/03/2017,4,6,12,18,25,29,5
2306,21/03/2017,5,7,17,19,31,35,4
2307,23/03/2017,19,20,22,26,27,31,3
2308,25/03/2017,3,6,12,19,21,29,2
2309,27/03/2017,12,15,17,18,24,34,5
2310,29/03/2017,2,9,20,25,27,33,5
2311,31/03/2017,1,10,11,19,21,26,7
2312,2/4/2017,1,7,18,22,31,35,4
2313,4/4/2017,5,7,20,28,29,32,2
2314,6/4/2017,1,13,26,32,35,37,1
2315,8/4/2017,4,14,18,28,32,35,7
2316,10/4/2017,9,10,19,30,31,37,1
2317,12/4/2017,7,10,17,21,22,25,5
2318,14/04/2017,3,5,7,20,23,37,6
2319,16/04/2017,3,7,8,17,25,27,7
2320,18/04/2017,5,12,23,27,32,36,2
2321,20/04/2017,7,18,23,25,31,32,4
2322,22/04/2017,2,6,27,28,29,37,2
2323,24/04/2017,2,4,20,26,34,36,7
2324,26/04/2017,7,18,20,22,26,35,4
2325,28/04/2017,14,17,26,28,30,34,2
2326,30/04/2017,3,13,25,27,28,33,7
2327,2/5/2017,6,7,10,12,13,22,5
2328,4/5/2017,14,17,25,32,35,37,4
2329,6/5/2017,5,13,16,26,32,37,2
2330,8/5/2017,1,4,8,11,18,29,6
2331,10/5/2017,1,12,13,18,21,25,5
2332,12/5/2017,11,14,19,27,29,35,3
2333,14/05/2017,3,9,17,18,19,35,4
2334,16/05/2017,4,8,21,23,25,36,5
2335,18/05/2017,1,7,19,22,28,35,1
2336,20/05/2017,23,25,30,33,35,37,6
2337,22/05/2017,12,17,20,24,27,32,3
2338,24/05/2017,5,10,21,26,34,36,7
2339,26/05/2017,4,6,7,17,26,35,3
2340,28/05/2017,8,9,10,11,19,22,3
2341,30/05/2017,5,8,12,21,28,35,7
2342,1/6/2017,10,14,18,29,35,36,1
2343,3/6/2017,4,12,15,26,33,34,1
2344,5/6/2017,9,18,20,21,23,25,1
2345,7/6/2017,4,7,14,20,32,34,4
2346,9/6/2017,5,12,24,25,35,37,1
2347,11/6/2017,4,14,16,20,21,32,1
2348,13/06/2017,7,11,16,33,35,37,7
2349,15/06/2017,4,13,23,28,33,35,5
2350,17/06/2017,10,16,21,22,27,33,1
2351,19/06/2017,5,13,15,27,30,31,2
2352,21/06/2017,19,27,31,32,35,36,1
2353,23/06/2017,3,4,5,16,30,36,6
2354,25/06/2017,11,15,22,24,26,34,5
2355,27/06/2017,2,3,5,17,19,29,4
2356,29/06/2017,14,16,20,25,28,35,2
2357,1/7/2017,11,14,17,22,35,37,6
2358,3/7/2017,7,17,18,21,30,37,3
2359,5/7/2017,4,6,16,17,28,36,2
2360,7/7/2017,4,13,19,30,32,33,2
2361,9/7/2017,3,7,18,30,31,36,1
2362,11/7/2017,2,3,15,26,34,35,3
2363,13/07/2017,11,12,15,24,29,34,7
2364,15/07/2017,1,15,17,19,24,28,7
2365,17/07/2017,4,6,9,21,27,37,3
2366,19/07/2017,2,7,24,27,33,36,2
2367,21/07/2017,10,15,18,25,27,28,5
2368,23/07/2017,2,18,20,23,24,36,4
2369,25/07/2017,6,8,10,22,25,27,4
2370,27/07/2017,1,10,16,25,29,35,2
2371,29/07/2017,2,6,11,30,33,37,2
2372,31/07/2017,14,25,28,33,34,35,1
2373,2/8/2017,5,14,25,26,35,36,7
2374,4/8/2017,14,20,22,26,30,32,1
2375,6/8/2017,10,13,17,26,27,34,7
2376,8/8/2017,9,19,24,29,34,35,4
2377,10/8/2017,6,9,21,22,30,34,7
2378,12/8/2017,7,8,21,25,31,33,7
2379,14/08/2017,2,11,13,22,25,37,2
2380,16/08/2017,6,11,13,15,25,27,6
2381,18/08/2017,2,6,8,14,24,30,3
2382,20/08/2017,14,17,23,32,33,36,7
2383,22/08/2017,1,8,11,16,27,29,3
2384,24/08/2017,7,10,13,18,19,25,3
2385,26/08/2017,1,17,22,29,31,35,5
2386,28/08/2017,4,12,14,21,27,37,5
2387,30/08/2017,1,7,10,11,14,15,2
2388,1/9/2017,11,17,22,24,25,27,4
2389,3/9/2017,2,14,15,20,22,31,5
2390,5/9/2017,5,15,21,24,32,35,1
2391,7/9/2017,8,15,19,25,26,34,5
2392,9/9/2017,18,19,26,29,32,36,2
2393,11/9/2017,2,3,13,17,22,26,2
2394,13/09/2017,6,14,22,26,29,30,4
2395,15/09/2017,6,18,22,33,34,35,3
2396,17/09/2017,9,10,13,14,32,34,5
2397,19/09/2017,4,5,7,29,31,37,7
2398,21/09/2017,9,13,16,19,28,31,1
2399,23/09/2017,15,21,22,28,29,32,3
2400,25/09/2017,2,3,5,6,18,32,7
2401,27/09/2017,4,14,27,28,32,36,7
2402,29/09/2017,5,18,20,22,31,32,5
2403,1/10/2017,6,7,10,14,32,35,2
2404,3/10/2017,1,4,6,21,28,35,3
2405,5/10/2017,12,15,16,29,31,35,7
2406,7/10/2017,5,19,21,27,28,31,4
2407,9/10/2017,10,18,20,24,25,27,3
2408,11/10/2017,1,7,11,21,25,29,5
2409,13/10/2017,9,16,18,20,21,26,2
2410,15/10/2017,7,10,18,22,23,35,3
2411,17/10/2017,1,7,10,15,33,36,5
2412,19/10/2017,2,15,22,25,30,31,3
2413,21/10/2017,2,11,14,28,29,31,1
2414,23/10/2017,2,4,11,27,32,35,3
2415,25/10/2017,5,12,15,32,35,36,2
2416,27/10/2017,5,14,19,21,30,35,4
2417,29/10/2017,2,13,19,28,32,33,6
2418,31/10/2017,15,17,20,26,30,31,7
2419,2/11/2017,1,3,12,18,22,34,2
2420,4/11/2017,4,15,22,23,29,35,2
2421,6/11/2017,2,7,8,9,10,17,2
2422,8/11/2017,2,16,20,26,32,35,4
2423,10/11/2017,4,12,15,20,21,31,3
2424,12/11/2017,1,2,6,19,26,33,4
2425,14/11/2017,2,11,18,20,22,29,3
2426,16/11/2017,2,5,13,29,32,35,4
2427,18/11/2017,15,16,27,35,36,37,6
2428,20/11/2017,3,8,11,20,21,36,1
2429,22/11/2017,3,5,15,23,25,27,1
2430,24/11/2017,8,9,15,16,17,18,1
2431,26/11/2017,21,22,24,25,27,29,7
2432,28/11/2017,4,7,22,24,32,34,5
2433,30/11/2017,10,18,20,27,32,34,3
2434,2/12/2017,1,13,20,25,27,31,3
2435,4/12/2017,11,16,20,21,24,29,1
2436,6/12/2017,5,14,17,26,27,33,4
2437,8/12/2017,20,22,24,31,33,37,3
2438,10/12/2017,4,10,14,15,30,37,4
2439,12/12/2017,2,3,16,23,33,35,1
2440,14/12/2017,10,21,29,31,32,36,7
2441,16/12/2017,17,18,24,25,28,32,4
2442,18/12/2017,1,8,9,19,22,25,3
2443,20/12/2017,7,12,23,28,33,34,7
2444,22/12/2017,5,19,26,27,30,36,4
2445,24/12/2017,1,15,27,30,33,36,7
2446,26/12/2017,4,5,17,24,25,35,3
2447,28/12/2017,1,18,20,24,28,31,6
2448,30/12/2017,3,8,9,12,22,31,4
2449,1/1/2018,6,8,14,22,30,34,2
2450,3/1/2018,7,8,11,20,32,35,5
2451,5/1/2018,7,16,27,31,35,37,3
2452,7/1/2018,3,13,16,24,35,36,5
2453,9/1/2018,2,4,11,27,31,36,7
2454,11/1/2018,5,8,14,16,21,24,5
2455,13/01/2018,2,5,8,10,15,31,7
2456,15/01/2018,4,19,20,23,27,37,7
2457,17/01/2018,2,3,4,18,21,31,2
2458,19/01/2018,2,6,12,27,31,36,1
2459,21/01/2018,7,9,12,15,23,24,7
2460,23/01/2018,1,5,12,18,26,34,7
2461,25/01/2018,3,6,8,9,11,21,7
2462,27/01/2018,4,9,19,27,29,33,3
2463,29/01/2018,8,15,21,30,34,37,2
2464,31/01/2018,2,14,18,25,32,37,4
2465,2/2/2018,7,10,30,31,34,37,2
2466,4/2/2018,5,13,22,23,35,37,3
2467,6/2/2018,2,6,13,26,33,34,2
2468,8/2/2018,10,11,14,18,19,31,4
2469,10/2/2018,5,14,16,17,19,23,4
2470,12/2/2018,1,9,12,17,21,28,6
2471,14/02/2018,9,14,16,20,27,28,4
2472,16/02/2018,1,3,5,26,32,33,5
2473,18/02/2018,6,7,15,19,22,24,6
2474,20/02/2018,13,16,20,26,28,37,7
2475,22/02/2018,3,4,14,20,22,28,4
2476,24/02/2018,13,15,19,24,26,35,6
2477,26/02/2018,15,21,25,28,29,36,6
2478,28/02/2018,9,11,13,23,25,35,2
2479,2/3/2018,2,7,9,16,26,28,7
2480,4/3/2018,2,4,6,13,21,27,6
2481,6/3/2018,3,4,7,8,18,32,6
2482,8/3/2018,5,6,13,23,28,30,6
2483,10/3/2018,6,7,10,30,33,35,4
2484,12/3/2018,6,14,16,19,32,37,5
2485,14/03/2018,1,9,13,24,25,33,7
2486,16/03/2018,6,9,12,21,33,37,2
2487,18/03/2018,2,12,17,29,31,32,4
2488,20/03/2018,10,15,20,23,24,36,3
2489,22/03/2018,6,11,13,20,21,23,2
2490,24/03/2018,3,4,19,27,33,37,1
2491,26/03/2018,3,10,12,26,27,32,5
2492,28/03/2018,3,6,8,16,24,29,4
2493,30/03/2018,5,11,12,22,32,33,6
2494,1/4/2018,4,6,12,13,24,36,3
2495,3/4/2018,6,7,10,16,23,28,2
2496,5/4/2018,4,7,18,20,23,30,4
2497,7/4/2018,4,9,15,23,29,31,3
2498,9/4/2018,6,8,12,24,33,36,2
2499,11/4/2018,2,6,10,16,17,32,6
2500,13/04/2018,1,13,16,22,32,34,1
2501,15/04/2018,2,4,8,12,21,35,2
2502,17/04/2018,5,6,10,17,24,29,5
2503,19/04/2018,12,14,21,26,33,34,4
2504,21/04/2018,6,7,8,12,35,36,5
2505,23/04/2018,2,3,20,32,33,35,6
2506,25/04/2018,1,9,12,23,28,29,1
2507,27/04/2018,8,22,25,26,32,37,5
2508,29/04/2018,1,10,12,14,26,37,1
2509,1/5/2018,1,2,4,6,32,33,1
2510,3/5/2018,5,13,20,26,33,34,7
2511,5/5/2018,7,9,13,16,26,34,5
2512,7/5/2018,3,8,15,18,24,31,6
2513,9/5/2018,16,18,24,26,29,30,5
2514,11/5/2018,7,17,18,30,35,37,3
2515,13/05/2018,2,11,14,23,29,32,3
2516,15/05/2018,3,7,13,18,21,24,4
2517,17/05/2018,7,14,19,20,23,32,2
2518,19/05/2018,2,19,27,31,35,37,1
2519,21/05/2018,2,21,24,26,28,35,7
2520,23/05/2018,6,14,15,21,28,35,3
2521,25/05/2018,1,5,8,16,17,29,4
2522,27/05/2018,2,6,7,14,22,27,4
2523,29/05/2018,3,7,19,23,24,33,1
2524,31/05/2018,5,6,9,12,25,35,3
2525,2/6/2018,4,11,15,19,29,36,7
2526,4/6/2018,5,8,14,15,26,32,4
2527,6/6/2018,8,9,12,19,24,33,2
2528,8/6/2018,4,12,18,21,29,31,1
2529,10/6/2018,10,12,17,18,23,33,2
2530,12/6/2018,11,17,19,21,24,33,7
2531,14/06/2018,1,2,9,14,29,32,6
2532,16/06/2018,2,12,14,16,28,29,3
2533,18/06/2018,3,4,5,15,28,29,2
2534,20/06/2018,1,11,19,21,30,35,7
2535,22/06/2018,3,5,11,25,30,32,3
2536,24/06/2018,2,5,8,26,27,30,2
2537,26/06/2018,3,9,12,13,16,17,1
2538,28/06/2018,10,13,19,23,29,31,2
2539,30/06/2018,1,3,5,15,22,27,4
2540,2/7/2018,3,7,8,9,11,25,2
2541,4/7/2018,22,28,32,34,35,36,2
2542,6/7/2018,2,5,9,28,33,37,6
2543,8/7/2018,1,3,6,11,19,31,4
2544,10/7/2018,6,12,18,23,26,36,2
2545,12/7/2018,20,23,25,30,32,33,1
2546,14/07/2018,3,6,18,22,25,28,6
2547,16/07/2018,2,9,18,21,22,35,4
2548,18/07/2018,4,8,10,18,20,30,2
2549,20/07/2018,6,8,12,22,25,35,4
2550,22/07/2018,12,14,23,25,29,35,5
2551,24/07/2018,3,9,11,20,23,36,6
2552,26/07/2018,2,4,14,22,24,25,2
2553,28/07/2018,7,9,13,14,15,34,3
2554,30/07/2018,3,11,20,21,27,36,1
2555,1/8/2018,3,7,17,18,20,30,6
2556,3/8/2018,1,7,8,18,19,20,3
2557,5/8/2018,1,4,12,18,19,35,2
2558,7/8/2018,2,21,22,24,30,33,7
2559,9/8/2018,2,6,12,20,25,28,2
2560,11/8/2018,10,16,17,21,27,29,2
2561,13/08/2018,10,13,27,31,32,36,6
2562,15/08/2018,6,13,20,21,29,34,5
2563,17/08/2018,8,10,22,27,34,36,4
2564,19/08/2018,7,9,14,24,33,34,3
2565,21/08/2018,7,21,22,30,31,34,3
2566,23/08/2018,7,14,18,22,31,36,3
2567,25/08/2018,2,10,21,23,30,37,7
2568,27/08/2018,7,8,17,18,32,37,1
2569,29/08/2018,1,5,7,22,24,33,2
2570,31/08/2018,2,3,9,11,26,35,5
2571,2/9/2018,6,7,10,17,23,25,6
2572,4/9/2018,4,10,11,12,27,35,7
2573,6/9/2018,8,10,12,14,16,32,2
2574,8/9/2018,2,3,5,14,29,37,5
2575,10/9/2018,4,6,7,11,20,25,1
2576,12/9/2018,6,7,22,25,28,37,1
2577,14/09/2018,1,6,7,13,24,30,5
2578,16/09/2018,1,8,9,12,29,32,7
2579,18/09/2018,16,18,24,33,34,36,6
2580,20/09/2018,1,7,8,13,23,24,1
2581,22/09/2018,9,16,23,25,29,35,6
2582,24/09/2018,2,6,9,21,24,27,1
2583,26/09/2018,22,24,28,29,31,34,7
2584,28/09/2018,3,20,22,23,28,37,3
2585,30/09/2018,5,7,12,21,25,37,4
2586,2/10/2018,5,12,17,19,25,32,3
2587,4/10/2018,11,15,17,21,27,29,4
2588,6/10/2018,5,9,10,34,35,37,1
2589,8/10/2018,4,7,10,18,27,32,5
2590,10/10/2018,8,12,18,24,28,29,2
2591,12/10/2018,1,4,12,20,23,24,4
2592,14/10/2018,4,7,9,15,22,36,6
2593,16/10/2018,4,5,23,27,30,31,2
2594,18/10/2018,18,21,28,29,30,36,5
2595,20/10/2018,7,13,16,22,26,34,3
2596,22/10/2018,4,10,20,24,29,30,2
2597,24/10/2018,1,4,10,22,32,35,1
2598,26/10/2018,9,11,17,26,32,36,4
2599,28/10/2018,5,13,15,22,26,33,6
2600,30/10/2018,3,6,9,27,32,33,6
2601,1/11/2018,1,11,13,24,26,28,3
2602,3/11/2018,6,18,20,28,32,37,3
2603,5/11/2018,3,16,18,20,27,29,1
2604,7/11/2018,1,5,9,17,21,33,1
2605,9/11/2018,1,6,23,29,34,36,5
2606,11/11/2018,2,15,24,27,29,33,6
2607,13/11/2018,2,13,29,32,34,37,1
2608,15/11/2018,4,13,17,22,28,35,6
2609,17/11/2018,3,9,29,31,35,36,1
2610,19/11/2018,7,8,24,25,27,32,1
2611,21/11/2018,1,7,19,24,27,35,7
2612,23/11/2018,1,8,9,12,15,28,4
2613,25/11/2018,1,16,18,21,22,25,5
2614,27/11/2018,1,9,15,27,29,35,1
2615,29/11/2018,3,20,26,31,33,36,5
2616,1/12/2018,2,21,28,30,31,34,2
2617,3/12/2018,5,10,13,19,27,30,5
2618,5/12/2018,3,16,17,21,29,31,4
2619,7/12/2018,13,24,28,31,32,36,7
2620,9/12/2018,6,8,16,22,32,34,5
2621,11/12/2018,7,16,21,25,26,27,4
2622,13/12/2018,8,12,15,17,24,25,3
2623,15/12/2018,2,16,18,19,30,34,3
2624,17/12/2018,4,5,7,8,25,37,7
2625,19/12/2018,1,4,6,16,25,37,2
2626,21/12/2018,19,22,23,24,30,37,7
2627,23/12/2018,6,15,16,22,30,32,1
2628,25/12/2018,2,7,11,19,20,22,1
2629,27/12/2018,1,16,24,25,26,33,4
2630,29/12/2018,1,3,10,15,28,35,1
2631,31/12/2018,5,6,17,22,29,37,5
2632,2/1/2019,2,7,15,16,25,33,2
2633,4/1/2019,1,12,14,19,20,33,2
2634,6/1/2019,2,3,14,20,26,35,2
2635,8/1/2019,3,8,14,20,27,37,6
2636,10/1/2019,9,12,22,23,28,37,3
2637,12/1/2019,13,17,25,27,29,33,4
2638,14/01/2019,4,8,19,30,33,37,7
2639,16/01/2019,11,17,18,22,30,36,1
2640,18/01/2019,2,5,19,21,25,29,5
2641,20/01/2019,1,4,12,14,33,35,2
2642,22/01/2019,6,12,19,25,33,37,2
2643,24/01/2019,7,9,13,19,24,34,6
2644,26/01/2019,2,11,14,15,17,29,1
2645,28/01/2019,3,13,20,22,26,36,3
2646,30/01/2019,2,8,12,22,34,35,3
2647,1/2/2019,2,6,11,14,15,23,7
2648,3/2/2019,2,9,23,24,29,30,5
2649,5/2/2019,9,13,17,19,33,35,5
2650,7/2/2019,1,9,13,14,17,36,2
2651,9/2/2019,1,9,18,21,30,31,3
2652,11/2/2019,5,13,18,27,28,30,7
2653,13/02/2019,2,4,13,22,28,29,4
2654,15/02/2019,1,8,12,19,22,28,2
2655,17/02/2019,9,13,19,31,36,37,4
2656,19/02/2019,9,10,12,20,22,29,7
2657,21/02/2019,4,12,13,21,28,36,1
2658,23/02/2019,3,12,19,21,32,33,3
2659,25/02/2019,4,5,6,16,27,33,3
2660,27/02/2019,7,14,30,35,36,37,6
2661,1/3/2019,14,21,22,28,32,37,6
2662,3/3/2019,7,8,18,29,32,33,1
2663,5/3/2019,5,9,14,22,23,34,4
2664,7/3/2019,1,10,22,25,26,27,1
2665,9/3/2019,5,6,11,19,27,37,3
2666,11/3/2019,15,16,19,21,30,36,3
2667,13/03/2019,2,4,5,8,30,35,5
2668,15/03/2019,3,9,12,20,27,30,4
2669,17/03/2019,6,11,18,21,24,28,2
2670,19/03/2019,22,26,30,31,33,36,6
2671,21/03/2019,5,6,8,14,17,25,1
2672,23/03/2019,11,15,18,23,27,37,5
2673,25/03/2019,1,6,14,17,19,30,4
2674,27/03/2019,3,19,21,26,27,33,4
2675,29/03/2019,2,4,9,11,29,32,2
2676,31/03/2019,11,12,17,31,32,35,5
2677,2/4/2019,1,2,9,15,16,20,6
2678,4/4/2019,1,8,9,15,24,36,5
2679,6/4/2019,10,19,24,32,34,36,4
2680,8/4/2019,18,24,27,29,31,34,7
2681,10/4/2019,1,4,5,8,12,31,3
2682,12/4/2019,4,7,20,24,31,32,6
2683,14/04/2019,11,12,19,29,34,37,1
2684,16/04/2019,12,19,21,22,30,33,7
2685,18/04/2019,7,8,15,16,17,30,3
2686,20/04/2019,14,15,16,22,23,34,6
2687,22/04/2019,5,20,23,24,29,30,2
2688,24/04/2019,4,8,9,16,33,34,1
2689,26/04/2019,3,4,6,7,8,24,7
2690,28/04/2019,4,5,14,22,27,34,4
2691,30/04/2019,10,18,21,23,26,29,3
2692,2/5/2019,10,17,19,21,25,32,6
2693,4/5/2019,8,13,19,20,24,27,5
2694,6/5/2019,9,17,20,25,29,36,2
2695,8/5/2019,5,13,19,23,25,26,5
2696,10/5/2019,4,6,9,10,28,31,1
2697,12/5/2019,7,9,19,22,25,36,6
2698,14/05/2019,3,9,12,15,16,22,4
2699,16/05/2019,1,2,16,27,32,34,4
2700,18/05/2019,1,3,11,16,23,29,2
2701,20/05/2019,3,14,19,25,29,32,6
2702,22/05/2019,7,11,23,27,30,32,4
2703,24/05/2019,4,13,25,27,29,31,5
2704,26/05/2019,5,8,22,27,35,36,7
2705,28/05/2019,9,12,16,17,25,30,1
2706,30/05/2019,1,5,6,11,15,24,1
2707,1/6/2019,13,14,16,23,25,29,1
2708,3/6/2019,1,4,13,21,22,32,6
2709,5/6/2019,6,12,18,24,35,37,3
2710,7/6/2019,16,17,19,31,33,35,7
2711,9/6/2019,11,17,18,21,30,37,5
2712,11/6/2019,5,10,18,19,25,37,4
2713,13/06/2019,13,14,19,24,31,36,7
2714,15/06/2019,3,10,13,25,27,29,2
2715,17/06/2019,1,2,13,14,27,29,7
2716,19/06/2019,1,6,32,33,34,36,6
2717,21/06/2019,6,9,16,19,30,33,5
2718,23/06/2019,1,14,18,21,33,37,1
2719,25/06/2019,7,9,14,22,28,36,3
2720,27/06/2019,11,13,14,15,24,34,4
2721,29/06/2019,4,13,16,23,31,35,6
2722,1/7/2019,12,13,17,20,22,31,7
2723,3/7/2019,5,8,17,22,23,29,5
2724,5/7/2019,7,9,26,34,35,37,5
2725,7/7/2019,2,21,25,26,30,35,7
2726,9/7/2019,2,7,11,23,29,37,4
2727,11/7/2019,3,4,6,19,29,36,4
2728,13/07/2019,3,5,20,21,31,34,5
2729,15/07/2019,2,9,11,28,31,34,1
2730,17/07/2019,2,9,14,19,24,27,1
2731,19/07/2019,3,6,14,22,25,36,3
2732,21/07/2019,6,8,10,14,18,22,3
2733,23/07/2019,3,6,9,16,20,23,4
2734,25/07/2019,1,12,23,27,30,34,7
2735,27/07/2019,4,8,9,17,24,29,5
2736,29/07/2019,4,20,22,23,28,33,3
2737,31/07/2019,4,6,23,31,32,36,1
2738,2/8/2019,2,12,15,25,26,28,2
2739,4/8/2019,7,8,21,23,26,28,6
2740,6/8/2019,3,10,25,28,30,37,1
2741,8/8/2019,4,5,6,24,29,35,6
2742,10/8/2019,9,13,19,24,25,30,3
2743,12/8/2019,4,13,17,25,28,35,4
2744,14/08/2019,2,16,18,22,32,33,5
2745,16/08/2019,6,12,18,19,21,31,6
2746,18/08/2019,5,9,16,20,24,31,4
2747,20/08/2019,5,12,16,18,19,25,3
2748,22/08/2019,1,6,10,19,20,26,6
2749,24/08/2019,4,6,9,27,28,36,7
2750,26/08/2019,1,4,7,10,23,34,1
2751,28/08/2019,1,8,11,21,27,37,1
2752,30/08/2019,1,7,11,14,36,37,6
2753,1/9/2019,6,14,16,17,22,37,6
2754,3/9/2019,3,9,10,13,22,30,2
2755,5/9/2019,3,19,24,27,30,34,3
2756,7/9/2019,4,23,29,32,33,35,3
2757,9/9/2019,10,15,21,23,24,29,2
2758,11/9/2019,7,9,20,22,26,30,5
2759,13/09/2019,13,15,16,20,23,35,1
2760,15/09/2019,3,14,15,25,26,30,7
2761,17/09/2019,11,12,17,23,24,35,2
2762,19/09/2019,11,14,17,30,31,37,2
2763,21/09/2019,5,7,20,23,24,25,5
2764,23/09/2019,3,18,20,22,28,31,2
2765,25/09/2019,5,12,16,31,34,36,4
2766,27/09/2019,4,9,27,28,32,35,2
2767,29/09/2019,1,9,10,17,26,32,1
2768,1/10/2019,2,12,16,20,24,37,5
2769,3/10/2019,6,11,26,28,32,36,2
2770,5/10/2019,8,15,16,24,30,37,3
2771,7/10/2019,4,7,14,15,25,34,4
2772,9/10/2019,15,16,20,21,23,29,2
2773,11/10/2019,4,12,18,19,24,29,6
2774,13/10/2019,2,4,10,25,29,31,5
2775,15/10/2019,9,19,22,29,34,35,4
2776,17/10/2019,5,6,14,17,23,25,5
2777,19/10/2019,20,24,29,31,35,36,4
2778,21/10/2019,7,16,20,25,27,36,3
2779,23/10/2019,4,14,19,27,30,32,4
2780,25/10/2019,9,20,30,31,36,37,5
2781,27/10/2019,18,19,22,26,36,37,6
2782,29/10/2019,2,5,22,29,35,37,6
2783,31/10/2019,1,13,19,23,35,36,1
2784,2/11/2019,2,3,4,8,9,14,5
2785,4/11/2019,7,11,22,23,34,37,4
2786,6/11/2019,3,17,28,30,32,37,2
2787,8/11/2019,1,5,14,19,26,35,5
2788,10/11/2019,3,8,16,24,27,31,7
2789,12/11/2019,5,8,11,13,21,37,4
2790,14/11/2019,2,5,6,29,30,34,6
2791,16/11/2019,3,10,17,18,20,29,7
2792,18/11/2019,9,15,18,31,33,37,5
2793,20/11/2019,2,3,4,11,23,28,4
2794,22/11/2019,3,9,14,15,25,30,3
2795,24/11/2019,1,12,18,25,36,37,3
2796,26/11/2019,9,16,19,21,25,36,1
2797,28/11/2019,2,20,21,25,30,35,5
2798,30/11/2019,13,14,21,22,35,36,4
2799,2/12/2019,13,14,17,21,28,29,3
2800,4/12/2019,16,17,20,21,27,35,7
2801,6/12/2019,3,23,25,26,30,31,5
2802,8/12/2019,3,15,19,21,24,36,7
2803,10/12/2019,4,5,10,15,20,37,6
2804,12/12/2019,1,9,14,15,19,35,4
2805,14/12/2019,9,12,18,24,25,29,7
2806,16/12/2019,2,3,4,12,21,36,5
2807,18/12/2019,1,2,4,18,23,36,1
2808,20/12/2019,1,5,6,10,23,36,6
2809,22/12/2019,8,9,10,18,19,26,1
2810,24/12/2019,1,10,25,29,34,37,6
2811,26/12/2019,2,3,13,15,24,26,5
2812,28/12/2019,3,7,8,26,28,30,6
2813,30/12/2019,5,7,15,28,30,37,4
2814,1/1/2020,1,11,23,29,36,37,6
2815,3/1/2020,2,8,19,26,33,36,6
2816,5/1/2020,11,14,18,22,26,29,6
2817,7/1/2020,8,14,19,24,33,34,7
2818,9/1/2020,1,2,5,8,12,25,2
2819,11/1/2020,3,11,16,17,21,29,6
2820,13/01/2020,1,11,13,16,27,29,4
2821,15/01/2020,5,9,15,27,29,32,4
2822,17/01/2020,2,23,26,27,33,34,7
2823,19/01/2020,6,15,18,19,27,35,4
2824,21/01/2020,2,13,14,16,29,31,6
2825,23/01/2020,10,12,17,24,26,36,6
2826,25/01/2020,12,17,27,28,32,35,4
2827,27/01/2020,5,7,8,9,16,25,4
2828,29/01/2020,1,17,21,22,28,31,7
2829,31/01/2020,2,4,5,17,26,37,7
2830,2/2/2020,1,2,4,16,18,28,5
2831,4/2/2020,2,4,9,15,19,32,1
2832,6/2/2020,4,18,21,22,31,33,7
2833,8/2/2020,1,5,6,7,18,36,4
2834,10/2/2020,2,15,22,31,34,36,3
2835,12/2/2020,1,14,18,19,28,36,4
2836,14/02/2020,9,10,16,19,21,36,7
2837,16/02/2020,8,18,20,24,29,30,4
2838,18/02/2020,3,4,9,29,32,37,4
2839,20/02/2020,8,12,19,27,28,35,7
2840,22/02/2020,12,21,23,28,33,34,3
2841,24/02/2020,6,7,15,18,23,32,4
2842,26/02/2020,1,18,21,24,32,34,1
2843,28/02/2020,1,3,13,16,22,37,6
2844,1/3/2020,7,13,14,22,28,29,6
2845,3/3/2020,2,9,13,14,23,32,2
2846,5/3/2020,13,14,20,24,29,31,1
2847,7/3/2020,1,15,21,33,35,36,3
2848,9/3/2020,7,10,13,21,29,35,1
2849,11/3/2020,2,5,15,29,30,37,2
2850,13/03/2020,2,7,19,24,34,37,7
2851,15/03/2020,1,7,11,15,21,27,1
2852,17/03/2020,1,2,4,16,34,36,1
2853,19/03/2020,3,5,11,25,30,31,6
2854,21/03/2020,5,6,8,30,31,34,4
2855,23/03/2020,19,22,27,29,31,33,5
2856,25/03/2020,5,7,12,27,35,37,1
2857,27/03/2020,2,5,7,17,22,37,4
2858,29/03/2020,1,9,12,15,19,21,3
2859,31/03/2020,4,8,26,27,31,32,5
2860,2/4/2020,1,2,3,7,24,34,7
2861,4/4/2020,9,10,21,22,30,35,1
2862,6/4/2020,11,12,14,20,23,27,3
2863,8/4/2020,3,5,15,27,29,34,7
2864,10/4/2020,1,12,16,17,31,36,7
2865,12/4/2020,3,5,9,11,22,36,3
2866,14/04/2020,20,22,24,25,31,35,6
2867,16/04/2020,1,3,13,14,21,22,4
2868,18/04/2020,1,6,9,11,22,31,5
2869,20/04/2020,5,11,16,32,35,36,2
2870,22/04/2020,15,16,27,28,36,37,3
2871,24/04/2020,4,5,8,26,28,36,1
2872,26/04/2020,1,4,9,18,28,35,1
2873,28/04/2020,4,9,20,29,36,37,5
2874,30/04/2020,12,14,18,24,33,34,3
2875,2/5/2020,7,12,13,18,23,28,5
2876,4/5/2020,1,4,22,23,25,35,3
2877,6/5/2020,2,4,8,11,12,25,2
2878,8/5/2020,10,11,16,18,23,29,6
2879,10/5/2020,1,2,5,10,21,22,5
2880,12/5/2020,3,15,29,32,34,37,6
2881,14/05/2020,2,19,20,27,34,36,6
2882,16/05/2020,2,10,15,18,21,26,7
2883,18/05/2020,6,12,15,16,19,21,1
2884,20/05/2020,9,18,19,24,28,35,5
2885,22/05/2020,4,8,13,21,34,36,5
2886,24/05/2020,10,12,18,29,30,35,4
2887,26/05/2020,1,7,14,17,36,37,4
2888,28/05/2020,6,14,17,19,22,30,2
2889,30/05/2020,8,17,23,33,34,36,1
2890,1/6/2020,4,7,10,17,20,35,5
2891,3/6/2020,1,5,13,20,24,26,4
2892,5/6/2020,5,13,15,18,22,27,2
2893,7/6/2020,14,15,20,24,31,37,7
2894,9/6/2020,12,14,20,26,28,37,4
2895,11/6/2020,3,7,21,26,33,37,5
2896,13/06/2020,9,10,12,16,21,27,5
2897,15/06/2020,8,11,15,17,33,34,4
2898,17/06/2020,6,11,12,17,32,37,6
2899,19/06/2020,18,22,26,27,32,34,2
2900,21/06/2020,1,5,19,26,28,32,6
2901,23/06/2020,5,7,14,15,21,24,7
2902,25/06/2020,14,15,18,20,27,37,7
2903,27/06/2020,1,7,21,24,33,35,3
2904,29/06/2020,6,19,20,21,24,32,5
2905,1/7/2020,5,9,11,23,27,37,4
2906,3/7/2020,2,8,10,19,24,35,2
2907,5/7/2020,4,10,13,16,23,35,4
2908,7/7/2020,1,3,12,24,25,28,2
2909,9/7/2020,7,15,16,27,28,31,5
2910,11/7/2020,1,2,9,16,19,24,7
2911,13/07/2020,5,17,27,31,34,37,5
2912,15/07/2020,2,3,11,18,25,31,5
2913,17/07/2020,7,9,13,14,19,26,7
2914,19/07/2020,5,8,26,27,34,37,4
2915,21/07/2020,6,12,24,26,28,37,6
2916,23/07/2020,2,7,13,15,28,32,2
2917,25/07/2020,1,4,6,15,23,31,2
2918,27/07/2020,1,4,5,11,19,34,4
2919,29/07/2020,8,9,20,29,36,37,6
2920,31/07/2020,2,14,21,28,29,34,7
2921,2/8/2020,4,5,15,28,31,32,1
2922,4/8/2020,1,5,9,23,27,33,2
2923,6/8/2020,1,7,20,21,25,37,5
2924,8/8/2020,3,11,22,23,26,27,4
2925,10/8/2020,3,17,21,28,29,33,1
2926,12/8/2020,3,17,19,28,31,33,4
2927,14/08/2020,1,3,14,15,22,37,6
2928,16/08/2020,3,10,19,23,34,35,3
2929,18/08/2020,2,6,14,15,18,37,4
2930,20/08/2020,4,8,25,31,33,36,4
2931,22/08/2020,10,16,22,26,28,34,2
2932,24/08/2020,2,4,7,21,23,36,7
2933,26/08/2020,1,4,6,7,12,19,7
2934,28/08/2020,3,5,23,25,32,33,4
2935,30/08/2020,13,26,29,30,31,36,4
2936,1/9/2020,14,16,18,27,28,35,1
2937,3/9/2020,10,17,24,27,33,35,4
2938,5/9/2020,1,6,10,13,17,25,7
2939,7/9/2020,2,16,29,31,32,34,3
2940,9/9/2020,3,12,20,25,32,35,1
2941,11/9/2020,3,5,27,29,32,37,5
2942,13/09/2020,1,11,16,22,26,35,6
2943,15/09/2020,1,2,5,6,13,33,3
2944,17/09/2020,2,4,7,9,32,35,2
2945,19/09/2020,1,13,15,17,20,27,4
2946,21/09/2020,7,9,12,17,23,24,7
2947,23/09/2020,14,16,21,23,30,36,4
2948,25/09/2020,18,20,23,32,35,37,3
2949,27/09/2020,1,14,24,29,30,31,3
2950,29/09/2020,1,5,15,21,24,26,4
2951,1/10/2020,4,9,15,16,25,29,6
2952,3/10/2020,4,6,8,22,27,30,1
2953,5/10/2020,5,20,21,23,24,25,5
2954,7/10/2020,6,9,13,19,23,35,4
2955,9/10/2020,3,15,18,24,34,35,2
2956,11/10/2020,3,7,10,14,16,22,5
2957,13/10/2020,2,5,9,12,21,23,3
2958,15/10/2020,5,7,16,24,26,29,7
2959,17/10/2020,1,3,21,24,27,35,3
2960,19/10/2020,5,6,11,28,31,32,7
2961,21/10/2020,5,9,19,21,22,32,1
2962,23/10/2020,1,10,12,21,26,31,1
2963,25/10/2020,2,5,9,26,29,31,2
2964,27/10/2020,3,7,8,13,23,26,4
2965,29/10/2020,3,6,11,14,23,37,6
2966,31/10/2020,1,3,28,29,31,35,2
2967,2/11/2020,7,12,25,26,35,36,6
2968,4/11/2020,1,4,17,26,28,30,6
2969,6/11/2020,2,9,15,16,18,33,2
2970,8/11/2020,9,10,13,25,26,29,1
2971,10/11/2020,1,4,5,27,31,36,2
2972,12/11/2020,6,7,20,27,35,36,2
2973,14/11/2020,2,10,12,17,27,28,1
2974,16/11/2020,1,3,8,11,13,28,1
2975,18/11/2020,3,4,5,9,26,33,3
2976,20/11/2020,6,20,21,30,32,37,5
2977,22/11/2020,8,9,10,19,29,35,1
2978,24/11/2020,4,10,22,30,35,37,3
2979,26/11/2020,10,24,25,30,32,35,5
2980,28/11/2020,3,5,9,13,34,36,1
2981,30/11/2020,1,5,6,9,10,37,3
2982,2/12/2020,6,11,21,26,31,33,2
2983,4/12/2020,19,23,24,25,29,35,6
2984,6/12/2020,7,8,14,23,34,37,6
2985,8/12/2020,3,15,18,23,31,37,2
2986,10/12/2020,7,9,15,20,22,27,6
2987,12/12/2020,2,21,23,24,32,35,1
2988,14/12/2020,5,7,8,14,29,34,4
2989,16/12/2020,8,9,10,14,21,35,2
2990,18/12/2020,5,9,10,24,32,35,6
2991,20/12/2020,1,3,4,28,33,37,6
2992,22/12/2020,1,6,17,20,33,37,6
2993,24/12/2020,3,24,26,28,32,34,1
2994,26/12/2020,13,21,22,27,31,37,7
2995,28/12/2020,9,17,21,23,24,28,7
2996,30/12/2020,5,9,13,20,25,32,7
2997,1/1/2021,3,4,15,17,23,32,7
2998,3/1/2021,5,10,19,26,35,36,6
2999,5/1/2021,1,4,14,18,21,37,7
3000,7/1/2021,6,9,10,18,20,36,5
3001,9/1/2021,10,16,19,23,29,37,3
3002,11/1/2021,1,4,13,25,26,30,6
3003,13/01/2021,4,16,18,30,33,36,3
3004,15/01/2021,2,5,6,14,31,32,1
3005,17/01/2021,4,5,14,22,26,32,2
3006,19/01/2021,8,15,19,21,33,34,7
3007,21/01/2021,14,23,25,28,32,33,7
3008,23/01/2021,2,6,11,17,27,32,1
3009,25/01/2021,8,19,22,26,29,30,6
3010,27/01/2021,4,10,24,34,36,37,4
3011,29/01/2021,5,9,12,16,18,34,4
3012,31/01/2021,8,13,18,32,36,37,3
3013,2/2/2021,3,4,9,10,32,34,2
3014,4/2/2021,8,15,22,26,36,37,4
3015,6/2/2021,3,4,20,25,30,32,5
3016,8/2/2021,3,6,16,20,26,27,3
3017,10/2/2021,2,4,23,28,29,33,3
3018,12/2/2021,1,9,10,12,18,28,1
3019,14/02/2021,5,9,23,25,29,34,1
3020,16/02/2021,14,16,18,27,28,30,6
3021,18/02/2021,1,2,8,17,34,36,3
3022,20/02/2021,9,10,11,19,27,29,2
3023,22/02/2021,3,14,27,31,36,37,3
3024,24/02/2021,7,10,14,20,31,34,6
3025,26/02/2021,4,13,20,25,31,36,7
3026,28/02/2021,6,11,14,21,26,35,2
3027,2/3/2021,3,8,12,28,31,37,4
3028,4/3/2021,13,21,22,25,26,37,7
3029,6/3/2021,9,10,12,17,31,33,1
3030,8/3/2021,2,6,15,20,21,30,7
3031,10/3/2021,1,15,18,25,26,28,2
3032,12/3/2021,1,5,9,12,18,23,2
3033,14/03/2021,5,8,19,22,27,28,1
3034,16/03/2021,3,12,19,21,22,37,1
3035,18/03/2021,5,19,22,27,28,34,1
3036,20/03/2021,6,7,11,12,19,33,7
3037,22/03/2021,6,8,13,14,19,26,2
3038,24/03/2021,3,6,9,10,21,33,3
3039,26/03/2021,3,13,15,22,34,35,4
3040,28/03/2021,3,6,8,14,15,18,1
3041,30/03/2021,3,5,6,8,25,37,4
3042,1/4/2021,15,23,30,31,33,35,6
3043,3/4/2021,16,23,25,26,28,36,5
3044,5/4/2021,8,15,25,27,28,32,1
3045,7/4/2021,12,15,17,20,31,33,3
3046,9/4/2021,2,7,10,14,24,34,7
3047,11/4/2021,8,19,23,27,33,34,5
3048,13/04/2021,10,11,14,15,25,35,5
3049,15/04/2021,15,22,23,30,33,34,5
3050,17/04/2021,6,16,20,22,26,33,5
3051,19/04/2021,1,7,9,28,33,37,1
3052,21/04/2021,2,5,6,15,25,36,3
3053,23/04/2021,1,2,11,14,30,31,5
3054,25/04/2021,2,8,11,20,22,28,7
3055,27/04/2021,1,2,11,14,19,31,2
3056,29/04/2021,5,19,22,28,34,36,7
3057,1/5/2021,10,15,18,27,30,35,6
3058,3/5/2021,9,17,18,28,31,35,3
3059,5/5/2021,4,14,17,19,22,37,5
3060,7/5/2021,4,10,13,25,34,37,7
3061,9/5/2021,7,13,22,30,33,36,3
3062,11/5/2021,1,5,16,17,26,34,1
3063,13/05/2021,3,12,14,16,18,22,5
3064,15/05/2021,5,11,12,13,15,18,1
3065,17/05/2021,5,10,11,29,32,34,7
3066,19/05/2021,4,15,19,24,25,32,4
3067,21/05/2021,1,5,10,22,29,37,6
3068,23/05/2021,4,18,20,23,26,32,7
3069,25/05/2021,2,10,12,13,25,27,1
3070,27/05/2021,1,7,9,21,25,32,5
3071,29/05/2021,1,13,14,15,28,29,1
3072,31/05/2021,8,10,12,28,29,31,1
3073,2/6/2021,10,12,24,26,28,37,3
3074,4/6/2021,2,5,14,19,20,26,1
3075,6/6/2021,1,7,24,33,34,37,3
3076,8/6/2021,6,9,11,12,22,33,2
3077,10/6/2021,9,10,21,24,25,26,4
3078,12/6/2021,3,7,17,25,26,28,2
3079,14/06/2021,1,4,18,22,26,33,7
3080,16/06/2021,7,19,21,23,24,32,3
3081,18/06/2021,3,24,27,28,33,36,3
3082,20/06/2021,1,2,34,35,36,37,5
3083,22/06/2021,8,17,22,26,31,34,5
3084,24/06/2021,8,9,11,16,35,36,4
3085,26/06/2021,1,2,6,7,9,33,1
3086,28/06/2021,7,10,12,24,33,37,2
3087,30/06/2021,3,6,9,15,25,35,2
3088,2/7/2021,6,11,18,20,26,32,6
3089,4/7/2021,4,8,11,16,31,37,5
3090,6/7/2021,3,9,10,25,26,27,2
3091,8/7/2021,1,9,20,27,28,32,1
3092,10/7/2021,4,8,9,11,26,31,1
3093,12/7/2021,1,11,12,15,27,30,2
3094,14/07/2021,3,26,28,29,36,37,5
3095,16/07/2021,6,8,17,25,36,37,2
3096,18/07/2021,3,8,16,26,28,32,3
3097,20/07/2021,9,23,25,28,31,33,5
3098,22/07/2021,2,3,7,9,27,34,6
3099,24/07/2021,7,21,25,32,36,37,2
3100,26/07/2021,10,11,16,20,32,37,5
3101,28/07/2021,3,10,18,24,27,33,3
3102,30/07/2021,1,7,12,21,24,29,6
3103,1/8/2021,4,5,23,24,28,31,4
3104,3/8/2021,7,8,19,24,25,32,5
3105,5/8/2021,4,6,11,20,29,31,6
3106,7/8/2021,1,3,4,8,13,26,7
3107,9/8/2021,10,11,14,17,29,31,6
3108,11/8/2021,16,18,20,25,30,32,5
3109,13/08/2021,10,15,25,28,32,34,1
3110,15/08/2021,6,14,17,31,34,37,4
3111,17/08/2021,2,4,23,25,28,34,1
3112,19/08/2021,3,27,29,30,31,32,5
3113,21/08/2021,3,15,16,17,28,31,4
3114,23/08/2021,16,18,20,27,28,32,3
3115,25/08/2021,6,27,31,34,35,36,4
3116,27/08/2021,15,21,24,27,28,29,2
3117,29/08/2021,7,23,28,29,32,36,4
3118,31/08/2021,10,16,17,28,35,36,3
3119,2/9/2021,7,8,13,23,24,37,3
3120,4/9/2021,21,22,28,30,34,35,1
3121,6/9/2021,12,23,24,26,28,35,4
3122,8/9/2021,1,11,13,27,32,35,4
3123,10/9/2021,7,12,18,29,30,31,1
3124,12/9/2021,9,11,18,19,29,37,2
3125,14/09/2021,8,21,24,28,29,32,6
3126,16/09/2021,5,8,12,24,30,37,2
3127,18/09/2021,2,4,11,13,19,24,5
3128,20/09/2021,2,8,18,20,31,33,5
3129,22/09/2021,1,3,6,7,15,21,6
3130,24/09/2021,12,14,25,27,30,37,7
3131,26/09/2021,1,2,6,11,29,35,6
3132,28/09/2021,13,16,21,26,32,36,7
3133,30/09/2021,2,12,20,22,24,27,2
3134,2/10/2021,3,5,7,13,24,25,1
3135,4/10/2021,25,26,27,30,33,35,3
3136,6/10/2021,7,9,19,28,31,34,2
3137,8/10/2021,11,12,16,17,21,36,7
3138,10/10/2021,10,17,24,27,29,33,7
3139,12/10/2021,2,4,5,26,28,37,7
3140,14/10/2021,3,4,6,25,32,36,4
3141,16/10/2021,2,6,14,22,24,30,3
3142,18/10/2021,4,6,8,24,27,29,6
3143,20/10/2021,6,9,13,19,23,36,7
3144,22/10/2021,1,6,10,11,29,31,6
3145,24/10/2021,12,15,18,21,24,29,2
3146,26/10/2021,6,7,9,22,28,33,3
3147,28/10/2021,3,12,13,19,24,30,3
3148,30/10/2021,4,5,13,33,34,36,3
3149,1/11/2021,6,18,21,34,35,37,6
3150,3/11/2021,8,12,14,23,29,31,5
3151,5/11/2021,3,5,6,15,26,30,7
3152,7/11/2021,12,17,23,28,32,33,5
3153,9/11/2021,3,10,12,23,24,35,6
3154,11/11/2021,6,7,14,15,16,23,4
3155,13/11/2021,2,8,20,25,28,31,2
3156,15/11/2021,6,11,15,19,20,36,6
3157,17/11/2021,11,13,14,17,24,37,7
3158,19/11/2021,2,4,19,28,31,33,6
3159,21/11/2021,21,22,24,25,34,36,1
3160,23/11/2021,1,3,7,11,13,15,5
3161,25/11/2021,6,17,19,20,28,29,6
3162,27/11/2021,2,6,14,20,25,32,2
3163,29/11/2021,4,12,20,26,28,30,5
3164,1/12/2021,1,2,7,12,20,28,7
3165,3/12/2021,2,4,17,23,29,37,5
3166,5/12/2021,2,7,8,16,24,36,4
3167,7/12/2021,6,7,19,24,31,37,4
3168,9/12/2021,4,24,26,28,34,36,5
3169,11/12/2021,1,6,17,28,34,36,4
3170,13/12/2021,5,20,24,27,34,35,6
3171,15/12/2021,4,20,21,26,27,31,3
3172,17/12/2021,8,14,17,26,27,31,6
3173,19/12/2021,1,4,6,9,12,19,5
3174,21/12/2021,4,9,11,13,22,32,5
3175,23/12/2021,1,2,3,8,14,32,3
3176,25/12/2021,5,9,13,20,25,30,7
3177,27/12/2021,6,15,16,17,29,36,3
3178,29/12/2021,9,13,25,26,27,33,3
3179,31/12/2021,2,6,9,23,26,29,3
3180,2/1/2022,3,4,6,18,28,37,7
3181,4/1/2022,2,9,12,13,24,37,3
3182,6/1/2022,10,12,18,21,35,37,4
3183,8/1/2022,1,10,16,27,28,33,6
3184,10/1/2022,2,5,6,17,29,34,3
3185,12/1/2022,1,6,11,28,32,35,7
3186,14/01/2022,5,10,12,25,29,34,3
3187,16/01/2022,3,17,22,35,36,37,4
3188,18/01/2022,5,10,12,24,25,34,4
3189,20/01/2022,6,8,13,32,33,37,6
3190,22/01/2022,1,7,12,17,29,36,3
3191,24/01/2022,7,8,13,18,27,31,4
3192,26/01/2022,2,14,15,17,32,35,3
3193,28/01/2022,2,8,11,12,22,36,3
3194,30/01/2022,5,8,21,27,29,37,4
3195,1/2/2022,2,4,6,10,21,25,2
3196,3/2/2022,9,13,15,20,21,27,6
3197,5/2/2022,10,11,14,21,22,31,7
3198,7/2/2022,2,3,10,16,18,34,1
3199,9/2/2022,3,15,17,25,27,31,6
3200,11/2/2022,11,15,24,28,32,37,1
3201,13/02/2022,8,16,17,19,32,34,3
3202,15/02/2022,3,12,22,23,25,28,6
3203,17/02/2022,7,14,16,20,34,37,6
3204,19/02/2022,3,8,17,22,28,36,3
3205,21/02/2022,18,19,24,26,32,37,7
3206,23/02/2022,5,8,9,11,13,34,4
3207,25/02/2022,14,17,19,24,25,34,1
3208,27/02/2022,1,12,16,21,26,27,5
3209,1/3/2022,10,12,17,21,27,30,4
3210,3/3/2022,1,13,17,18,20,23,5
3211,5/3/2022,1,2,4,6,10,13,7
3212,7/3/2022,6,10,11,19,23,37,1
3213,9/3/2022,3,5,14,24,28,36,6
3214,11/3/2022,1,4,9,16,20,31,3
3215,13/03/2022,1,4,8,13,14,31,2
3216,15/03/2022,2,10,11,15,31,32,2
3217,17/03/2022,3,5,9,12,24,36,7
3218,19/03/2022,2,3,4,10,24,25,2
3219,21/03/2022,2,3,17,26,27,34,7
3220,23/03/2022,1,9,11,14,15,20,6
3221,25/03/2022,2,5,14,18,31,37,1
3222,27/03/2022,6,12,20,22,25,33,6
3223,29/03/2022,10,15,26,32,34,37,6
3224,31/03/2022,1,2,12,15,21,24,6
3225,2/4/2022,6,7,17,22,26,27,1
3226,4/4/2022,3,23,24,25,33,35,5
3227,6/4/2022,3,4,6,18,21,23,2
3228,8/4/2022,5,9,13,15,29,32,5
3229,10/4/2022,8,9,20,21,25,27,3
3230,12/4/2022,2,27,30,31,33,34,5
3231,14/04/2022,1,4,10,14,21,31,5
3232,16/04/2022,3,6,12,28,33,37,7
3233,18/04/2022,1,4,9,10,27,28,7
3234,20/04/2022,13,20,30,33,35,37,1
3235,22/04/2022,9,16,17,22,23,35,2
3236,24/04/2022,3,6,7,28,35,36,4
3237,26/04/2022,8,13,14,17,19,36,7
3238,28/04/2022,1,10,18,21,28,32,5
3239,30/04/2022,1,6,8,17,26,37,2
3240,2/5/2022,4,16,18,25,29,34,3
3241,4/5/2022,6,21,22,32,35,37,3
3242,6/5/2022,3,5,12,26,28,36,1
3243,8/5/2022,1,11,20,25,36,37,2
3244,10/5/2022,11,12,14,15,22,37,1
3245,12/5/2022,2,7,8,14,29,34,6
3246,14/05/2022,2,7,12,19,23,33,7
3247,16/05/2022,1,6,9,27,36,37,2
3248,18/05/2022,2,7,18,26,28,30,7
3249,20/05/2022,1,2,7,12,20,23,3
3250,22/05/2022,4,11,16,17,29,34,3
3251,24/05/2022,1,4,6,25,27,28,5
3252,26/05/2022,16,22,26,27,28,29,6
3253,28/05/2022,9,12,15,26,28,31,5
3254,30/05/2022,4,8,17,26,32,34,6
3255,1/6/2022,2,8,9,22,28,29,1
3256,3/6/2022,6,18,20,24,28,29,3
3257,5/6/2022,2,3,5,13,23,26,4
3258,7/6/2022,2,12,15,17,18,32,5
3259,9/6/2022,2,3,8,25,28,33,1
3260,11/6/2022,6,15,21,29,32,37,2
3261,13/06/2022,18,26,29,33,36,37,5
3262,15/06/2022,3,12,16,25,27,28,3
3263,17/06/2022,7,16,17,22,24,30,2
3264,19/06/2022,3,9,12,25,28,29,6
3265,21/06/2022,2,7,9,24,28,32,3
3266,23/06/2022,3,6,10,16,25,33,7
3267,25/06/2022,6,8,16,22,28,35,5
3268,27/06/2022,8,15,17,24,26,28,1
3269,29/06/2022,2,3,14,17,27,35,5
3270,1/7/2022,3,12,13,20,22,23,1
3271,3/7/2022,11,15,18,27,28,31,6
3272,5/7/2022,12,13,22,26,32,34,3
3273,7/7/2022,11,17,22,30,32,34,7
3274,9/7/2022,4,9,13,17,30,35,3
3275,11/7/2022,2,13,16,23,24,33,4
3276,13/07/2022,6,9,23,32,34,37,1
3277,15/07/2022,7,9,29,31,36,37,2
3278,17/07/2022,2,10,11,16,23,27,4
3279,19/07/2022,3,5,8,26,27,35,3
3280,21/07/2022,1,3,17,18,25,27,1
3281,23/07/2022,9,10,18,29,30,32,2
3282,25/07/2022,18,19,25,26,34,36,5
3283,27/07/2022,3,13,19,22,23,24,6
3284,29/07/2022,2,11,18,21,26,36,4
3285,31/07/2022,1,6,7,26,29,33,1
3286,2/8/2022,6,20,21,24,29,37,1
3287,4/8/2022,1,2,4,14,26,34,5
3288,6/8/2022,9,18,20,23,25,31,5
3289,8/8/2022,6,7,11,21,27,35,1
3290,10/8/2022,4,11,22,27,31,32,7
3291,12/8/2022,1,11,14,15,24,25,1
3292,14/08/2022,2,4,11,16,18,31,1
3293,16/08/2022,1,5,22,24,27,36,5
3294,18/08/2022,2,5,14,15,23,35,5
3295,20/08/2022,2,4,21,23,25,32,2
3296,22/08/2022,1,5,18,20,23,36,3
3297,24/08/2022,7,10,11,18,20,26,4
3298,26/08/2022,17,20,27,28,32,37,1
3299,28/08/2022,2,4,12,17,19,24,2
3300,30/08/2022,10,12,13,19,21,31,7
3301,1/9/2022,6,12,13,14,30,37,4
3302,3/9/2022,1,4,5,6,7,36,3
3303,5/9/2022,1,11,14,17,19,22,3
3304,7/9/2022,8,13,14,32,34,36,2
3305,9/9/2022,4,9,15,20,24,33,5
3306,11/9/2022,5,8,13,15,23,28,5
3307,13/09/2022,12,13,20,28,30,32,7
3308,15/09/2022,2,7,10,26,29,32,5
3309,17/09/2022,8,18,19,27,32,36,3
3310,19/09/2022,4,9,16,22,23,28,6
3311,21/09/2022,2,6,8,12,14,16,3
3312,23/09/2022,8,11,16,22,24,35,6
3313,25/09/2022,3,6,9,12,33,34,4
3314,27/09/2022,4,5,10,17,18,20,1
3315,29/09/2022,8,10,15,24,28,31,5
3316,1/10/2022,2,6,7,14,21,29,5
3317,3/10/2022,6,13,15,16,25,37,6
3318,5/10/2022,4,7,9,17,22,24,3
3319,7/10/2022,2,16,22,23,34,35,2
3320,9/10/2022,8,15,18,30,32,35,3
3321,11/10/2022,3,7,8,12,18,28,3
3322,13/10/2022,3,13,18,22,26,28,2
3323,15/10/2022,3,4,6,10,14,36,7
3324,17/10/2022,2,17,20,25,28,33,7
3325,19/10/2022,3,4,9,19,22,36,4
3326,21/10/2022,4,17,23,24,28,37,6
3327,23/10/2022,10,16,23,24,35,36,5
3328,25/10/2022,8,13,15,16,19,32,4
3329,27/10/2022,15,16,19,21,22,32,1
3330,29/10/2022,1,3,8,17,24,35,7
3331,31/10/2022,6,10,14,17,19,22,4
3332,2/11/2022,2,7,12,19,24,29,6
3333,4/11/2022,9,10,16,32,34,35,7
3334,6/11/2022,7,8,10,13,22,32,1
3335,8/11/2022,2,23,29,31,33,35,1
3336,10/11/2022,1,15,20,23,25,29,2
3337,12/11/2022,3,10,12,13,26,36,5
3338,14/11/2022,1,6,19,23,28,34,2
3339,16/11/2022,3,10,17,24,29,36,3
3340,18/11/2022,10,11,13,19,28,32,6
3341,20/11/2022,8,11,13,18,26,34,7
3342,22/11/2022,1,2,10,20,27,30,2
3343,24/11/2022,3,8,13,16,31,36,5
3344,26/11/2022,3,9,13,24,29,34,5
3345,28/11/2022,10,14,21,25,26,36,2
3346,30/11/2022,3,4,5,7,24,28,4
3347,2/12/2022,13,19,20,32,33,36,3
3348,4/12/2022,14,15,25,32,36,37,5
3349,6/12/2022,7,16,19,24,36,37,6
3350,8/12/2022,3,5,11,12,18,29,3
3351,10/12/2022,5,12,24,29,30,34,4
3352,12/12/2022,2,3,7,15,30,33,1
3353,14/12/2022,9,13,14,15,23,34,7
3354,16/12/2022,4,8,10,13,25,37,7
3355,18/12/2022,5,13,15,17,21,34,6
3356,20/12/2022,5,13,23,27,30,34,6
3357,22/12/2022,2,3,26,28,29,35,7
3358,24/12/2022,23,25,26,33,35,36,4
3359,26/12/2022,19,22,23,26,32,35,7
3360,28/12/2022,7,23,24,28,36,37,5
3361,30/12/2022,5,18,24,26,32,37,7
3362,1/1/2023,9,15,20,28,34,35,1
3363,3/1/2023,4,7,16,19,20,25,4
3364,5/1/2023,12,14,16,19,21,29,3
3365,7/1/2023,9,22,26,30,32,36,6
3366,9/1/2023,1,2,4,16,26,34,2
3367,11/1/2023,11,15,17,22,25,35,5
3368,13/01/2023,8,10,12,17,27,33,6
3369,15/01/2023,3,4,7,12,22,24,6
3370,17/01/2023,3,7,21,29,33,37,5
3371,19/01/2023,1,12,25,29,31,35,4
3372,21/01/2023,2,14,26,27,28,35,7
3373,23/01/2023,2,8,16,18,20,34,1
3374,25/01/2023,4,11,13,16,22,30,2
3375,27/01/2023,1,7,17,21,32,33,3
3376,29/01/2023,8,13,21,23,28,34,5
3377,31/01/2023,1,16,20,26,30,36,7
3378,2/2/2023,6,8,12,24,25,33,6
3379,4/2/2023,5,6,22,33,34,37,3
3380,6/2/2023,7,9,10,12,13,25,6
3381,8/2/2023,3,12,20,22,31,35,4
3382,10/2/2023,9,15,22,27,31,36,1
3383,12/2/2023,1,2,19,23,24,26,2
3384,14/02/2023,1,6,10,11,29,35,3
3385,16/02/2023,10,16,20,21,26,28,4
3386,18/02/2023,6,14,19,23,27,34,2
3387,20/02/2023,7,9,11,30,31,34,1
3388,22/02/2023,6,14,16,17,20,36,4
3389,24/02/2023,6,7,8,9,33,35,4
3390,26/02/2023,1,3,13,15,18,25,4
3391,28/02/2023,8,21,25,27,28,32,5
3392,2/3/2023,1,4,25,26,29,35,3
3393,4/3/2023,2,3,23,25,26,28,4
3394,6/3/2023,5,18,21,23,24,25,5
3395,8/3/2023,6,14,18,22,27,36,1
3396,10/3/2023,7,10,12,30,31,36,6
3397,12/3/2023,7,12,20,26,32,37,7
3398,14/03/2023,13,15,16,18,21,34,3
3399,16/03/2023,13,16,21,22,29,32,4
3400,18/03/2023,13,14,22,26,28,32,3
3401,20/03/2023,2,6,23,24,25,35,6
3402,22/03/2023,14,20,23,24,29,35,1
3403,24/03/2023,1,9,15,18,23,30,4
3404,26/03/2023,6,21,24,25,26,32,6
3405,28/03/2023,12,13,16,19,20,31,3
3406,30/03/2023,7,9,10,18,33,34,4
3407,1/4/2023,4,9,14,22,26,27,3
3408,3/4/2023,13,15,20,25,30,37,6
3409,5/4/2023,4,6,21,26,34,37,4
3410,7/4/2023,4,7,15,18,30,32,7
3411,9/4/2023,4,5,14,17,19,22,5
3412,11/4/2023,3,12,15,20,23,29,7
3413,13/04/2023,12,15,17,18,20,32,2
3414,15/04/2023,4,7,24,27,31,32,7
3415,17/04/2023,21,22,23,31,32,36,5
3416,19/04/2023,3,5,12,21,30,32,4
3417,21/04/2023,7,13,24,26,33,37,2
3418,23/04/2023,6,8,9,10,24,37,7
3419,25/04/2023,1,5,11,15,17,29,2
3420,27/04/2023,1,13,24,26,27,32,5
3421,29/04/2023,17,22,23,26,30,36,5
3422,1/5/2023,4,8,13,15,16,19,6
3423,3/5/2023,13,14,18,32,35,37,6
3424,5/5/2023,9,10,12,16,24,31,3
3425,7/5/2023,4,10,19,21,30,32,5
3426,9/5/2023,4,11,17,18,23,36,5
3427,11/5/2023,7,20,22,32,33,35,2
3428,13/05/2023,4,15,17,20,25,30,2
3429,15/05/2023,3,18,20,25,28,29,6
3430,17/05/2023,3,7,9,25,26,36,7
3431,19/05/2023,10,14,19,23,28,33,1
3432,21/05/2023,2,18,19,29,31,35,5
3433,23/05/2023,1,6,13,19,22,30,4
3434,25/05/2023,1,9,17,27,31,37,4
3435,27/05/2023,1,13,20,22,27,37,7
3436,29/05/2023,2,21,23,28,33,36,2
3437,31/05/2023,11,12,28,29,30,34,2
3438,2/6/2023,3,7,12,16,20,22,3
3439,4/6/2023,8,12,18,20,28,36,3
3440,6/6/2023,1,6,10,15,23,36,5
3441,8/6/2023,8,15,20,28,29,30,5
3442,10/6/2023,5,8,11,26,28,34,5
3443,12/6/2023,13,14,17,20,23,26,5
3444,14/06/2023,6,14,22,24,25,30,7
3445,16/06/2023,2,5,9,25,30,35,7
3446,18/06/2023,4,9,12,15,21,28,6
3447,20/06/2023,6,10,15,28,31,37,3
3448,22/06/2023,2,15,19,26,36,37,6
3449,24/06/2023,2,13,20,28,35,37,1
3450,26/06/2023,1,5,10,11,15,25,3
3451,28/06/2023,1,23,26,31,35,37,2
3452,30/06/2023,7,9,16,17,30,37,6
3453,2/7/2023,1,9,14,16,17,20,1
3454,4/7/2023,6,14,15,27,28,31,3
3455,6/7/2023,1,2,18,27,31,33,4
3456,8/7/2023,11,15,17,19,25,31,5
3457,10/7/2023,11,17,19,22,34,37,6
3458,12/7/2023,1,8,9,25,28,33,6
3459,14/07/2023,12,13,29,31,33,35,1
3460,16/07/2023,2,10,29,30,32,37,6
3461,18/07/2023,7,10,24,31,35,37,5
3462,20/07/2023,1,11,15,21,26,32,6
3463,22/07/2023,8,14,18,29,30,36,7
3464,24/07/2023,1,9,19,22,24,31,2
3465,26/07/2023,13,14,23,29,31,32,2
3466,28/07/2023,18,20,22,25,30,34,1
3467,30/07/2023,14,18,21,24,31,36,4
3468,1/8/2023,3,11,23,25,33,36,5
3469,3/8/2023,14,16,17,18,31,36,4
3470,5/8/2023,3,12,20,22,25,37,7
3471,7/8/2023,1,4,6,20,22,29,6
3472,9/8/2023,4,13,18,25,28,30,5
3473,11/8/2023,15,16,19,21,23,34,6
3474,13/08/2023,3,15,19,20,21,37,7
3475,15/08/2023,2,5,13,15,24,36,5
3476,17/08/2023,2,4,7,9,23,32,1
3477,19/08/2023,6,15,17,18,27,37,4
3478,21/08/2023,8,12,19,22,25,30,7
3479,23/08/2023,7,13,15,32,33,36,6
3480,25/08/2023,3,5,8,10,28,37,5
3481,27/08/2023,24,25,26,29,32,37,6
3482,29/08/2023,21,27,31,33,34,35,6
3483,31/08/2023,12,14,19,21,26,30,6
3484,2/9/2023,7,9,13,20,25,27,2
3485,4/9/2023,1,7,13,20,22,34,2
3486,6/9/2023,1,8,13,14,21,30,1
3487,8/9/2023,8,12,16,18,27,31,2
3488,10/9/2023,2,9,11,15,28,31,7
3489,12/9/2023,1,3,9,17,20,25,1
3490,14/09/2023,1,9,12,14,26,33,6
3491,16/09/2023,1,3,4,7,26,36,5
3492,18/09/2023,4,13,14,19,26,33,5
3493,20/09/2023,2,12,15,26,31,32,2
3494,22/09/2023,3,8,17,26,29,33,6
3495,24/09/2023,1,2,15,17,18,25,4
3496,26/09/2023,11,17,30,31,36,37,7
3497,28/09/2023,12,23,27,33,34,35,3
3498,30/09/2023,4,9,13,28,30,33,6
3499,2/10/2023,5,8,13,20,26,30,6
3500,4/10/2023,12,16,20,26,33,35,7
3501,6/10/2023,10,13,18,21,25,37,6
3502,8/10/2023,4,18,19,20,23,33,3
3503,10/10/2023,1,4,15,28,31,33,2
3504,12/10/2023,7,9,13,33,36,37,4
3505,14/10/2023,6,19,25,26,27,37,1
3506,16/10/2023,6,9,14,15,19,32,1
3507,18/10/2023,3,7,10,11,25,37,2
3508,20/10/2023,12,19,20,22,25,32,6
3509,22/10/2023,4,13,15,17,19,37,3
3510,24/10/2023,1,15,17,19,31,35,6
3511,26/10/2023,2,7,14,18,19,28,3
3512,28/10/2023,2,11,19,27,31,33,4
3513,30/10/2023,6,7,15,18,30,37,6
3514,1/11/2023,3,5,11,14,16,36,2
3515,3/11/2023,5,7,20,31,32,35,1
3516,5/11/2023,15,17,29,30,32,36,2
3517,7/11/2023,25,28,29,30,33,37,3
3518,9/11/2023,8,9,12,20,21,29,7
3519,11/11/2023,1,17,18,27,28,35,3
3520,13/11/2023,1,6,10,16,18,36,4
3521,15/11/2023,4,11,13,21,30,35,4
3522,17/11/2023,5,6,15,16,19,31,1
3523,19/11/2023,4,8,9,12,33,37,6
3524,21/11/2023,4,7,11,16,33,36,6
3525,23/11/2023,7,8,15,18,21,25,2
3526,25/11/2023,7,15,17,20,28,37,1
3527,27/11/2023,3,22,27,29,30,35,3
3528,29/11/2023,6,11,13,19,34,36,4
3529,1/12/2023,9,18,23,24,25,28,6
3530,3/12/2023,11,21,27,32,33,34,3
3531,5/12/2023,3,12,27,29,33,36,3
3532,7/12/2023,8,12,21,22,26,34,4
3533,9/12/2023,8,10,12,20,28,33,7
3534,11/12/2023,15,19,24,25,27,31,4
3535,13/12/2023,2,6,21,24,32,37,1
3536,15/12/2023,1,5,6,16,22,25,7
3537,17/12/2023,2,4,18,28,30,34,6
3538,19/12/2023,5,6,8,11,15,28,7
3539,21/12/2023,4,6,13,16,22,34,6
3540,23/12/2023,4,15,17,19,31,32,5
3541,25/12/2023,3,8,12,14,16,26,2
3542,27/12/2023,1,2,4,6,21,25,3
3543,29/12/2023,15,16,21,22,31,33,7
3544,31/12/2023,3,5,13,31,33,34,2
3545,2/1/2024,5,12,21,27,28,34,2
3546,4/1/2024,3,8,18,25,27,37,3
3547,6/1/2024,9,13,28,30,31,37,5
3548,8/1/2024,2,5,9,10,21,27,1
3549,10/1/2024,3,7,13,14,20,21,5
3550,12/1/2024,1,4,7,8,19,23,7
3551,14/01/2024,4,6,19,22,29,34,3
3552,16/01/2024,12,22,25,29,34,36,2
3553,18/01/2024,10,15,17,22,25,37,5
3554,20/01/2024,2,8,15,18,21,37,1
3555,22/01/2024,4,8,13,16,20,34,5
3556,24/01/2024,2,4,27,29,34,36,1
3557,26/01/2024,5,7,16,26,28,36,3
3558,28/01/2024,4,16,23,25,26,34,2
3559,30/01/2024,13,22,27,28,30,36,4
3560,1/2/2024,14,20,27,29,33,37,1
3561,3/2/2024,9,22,25,29,31,32,7
3562,5/2/2024,6,8,17,20,28,30,5
3563,7/2/2024,1,30,31,32,34,35,5
3564,9/2/2024,3,14,20,30,35,37,3
3565,11/2/2024,4,19,24,25,26,32,4
3566,13/02/2024,1,2,8,10,16,34,4
3567,15/02/2024,2,6,9,12,28,33,5
3568,17/02/2024,6,9,14,20,27,30,7
3569,19/02/2024,2,10,18,28,29,34,3
3570,21/02/2024,2,7,21,23,25,36,2
3571,23/02/2024,12,14,18,32,33,36,3
3572,25/02/2024,1,14,19,21,25,32,4
3573,27/02/2024,6,8,24,25,30,35,4
3574,29/02/2024,5,13,19,21,28,33,2
3575,2/3/2024,5,7,21,22,27,34,2
3576,4/3/2024,3,4,6,25,29,30,4
3577,6/3/2024,7,12,15,17,24,27,3
3578,8/3/2024,4,7,11,16,28,34,1
3579,10/3/2024,3,19,21,24,31,36,7
3580,12/3/2024,1,14,24,31,33,35,2
3581,14/03/2024,1,4,13,14,25,26,2
3582,16/03/2024,2,3,10,15,32,36,2
3583,18/03/2024,4,9,17,21,28,31,5
3584,20/03/2024,1,13,18,29,31,33,2
3585,22/03/2024,4,5,9,14,21,31,4
3586,24/03/2024,10,20,26,31,33,37,3
3587,26/03/2024,2,3,4,7,8,35,7
3588,28/03/2024,9,11,12,17,28,30,2
3589,30/03/2024,14,16,19,21,23,32,2
3590,1/4/2024,2,3,8,17,20,37,5
3591,3/4/2024,6,9,16,20,26,37,4
3592,5/4/2024,15,17,24,26,30,36,5
3593,7/4/2024,9,13,18,23,26,27,4
3594,9/4/2024,4,6,10,11,15,24,7
3595,11/4/2024,2,9,14,23,24,32,6
3596,13/04/2024,10,16,26,27,34,37,2
3597,15/04/2024,2,8,16,24,35,36,5
3598,17/04/2024,13,16,23,25,28,35,3
3599,19/04/2024,4,6,10,18,31,32,6
3600,21/04/2024,4,13,16,34,35,37,7
3601,23/04/2024,4,7,15,16,18,37,7
3602,25/04/2024,4,11,14,26,29,32,5
3603,27/04/2024,4,11,12,16,17,20,1
3604,29/04/2024,7,8,12,19,25,34,2
3605,1/5/2024,7,14,16,20,21,24,3
3606,3/5/2024,3,12,24,31,33,34,7
3607,5/5/2024,10,16,19,23,32,37,6
3608,7/5/2024,3,5,11,12,24,26,7
3609,9/5/2024,1,5,11,12,18,26,4
3610,11/5/2024,9,11,14,15,32,34,5
3611,13/05/2024,8,14,16,25,30,31,6
3612,15/05/2024,2,8,13,24,26,29,1
3613,17/05/2024,10,16,18,31,33,34,3
3614,19/05/2024,3,5,15,20,31,36,2
3615,21/05/2024,12,17,20,21,28,31,2
3616,23/05/2024,2,9,14,21,28,36,3
3617,25/05/2024,3,11,16,20,24,27,5
3618,27/05/2024,3,4,11,15,25,32,1
3619,29/05/2024,3,5,13,24,27,35,4
3620,31/05/2024,8,24,26,30,33,34,1
3621,2/6/2024,8,15,17,21,23,33,7
3622,4/6/2024,3,8,12,16,27,37,6
3623,6/6/2024,4,5,6,10,20,36,2
3624,8/6/2024,4,6,11,21,24,35,5
3625,10/6/2024,1,6,12,25,27,30,4
3626,12/6/2024,12,16,18,21,22,34,1
3627,14/06/2024,5,20,22,23,24,33,5
3628,16/06/2024,3,8,9,18,23,36,1
3629,18/06/2024,8,18,26,30,32,35,1
3630,20/06/2024,13,15,24,32,35,37,7
3631,22/06/2024,5,8,13,21,28,36,4
3632,24/06/2024,10,13,19,30,33,37,1
3633,26/06/2024,4,8,18,28,29,34,5
3634,28/06/2024,1,13,17,18,34,37,7
3635,30/06/2024,4,9,10,19,21,24,7
3636,2/7/2024,8,11,18,19,25,31,4
3637,4/7/2024,8,9,16,24,29,34,6
3638,6/7/2024,6,11,15,18,31,37,6
3639,8/7/2024,1,6,13,18,19,26,5
3640,10/7/2024,1,3,10,14,26,28,1
3641,12/7/2024,4,13,22,31,36,37,3
3642,14/07/2024,14,15,23,28,29,32,6
3643,16/07/2024,4,6,7,27,31,34,4
3644,18/07/2024,2,11,17,21,23,25,2
3645,20/07/2024,4,21,26,27,29,37,4
3646,22/07/2024,7,8,11,13,15,31,6
3647,24/07/2024,6,19,26,29,33,37,5
3648,26/07/2024,3,5,6,13,23,29,5
3649,28/07/2024,1,16,20,22,23,25,6
3650,30/07/2024,7,13,15,16,21,22,4
3651,1/8/2024,12,21,24,25,33,36,6
3652,3/8/2024,2,4,21,23,30,33,6
3653,5/8/2024,2,3,7,8,15,31,5
3654,7/8/2024,6,13,15,21,33,34,4
3655,9/8/2024,1,11,16,18,27,33,4
3656,11/8/2024,3,7,10,20,26,34,7
3657,13/08/2024,5,19,20,27,34,36,4
3658,15/08/2024,2,8,17,23,26,29,4
3659,17/08/2024,6,8,21,23,25,33,2
3660,19/08/2024,2,3,15,19,34,37,2
3661,21/08/2024,2,4,11,12,15,35,5
3662,23/08/2024,17,27,28,30,31,37,2
3663,25/08/2024,1,9,11,28,31,34,1
3664,27/08/2024,3,4,9,10,19,30,3
3665,29/08/2024,1,3,4,20,23,32,3
3666,31/08/2024,14,23,28,29,32,33,5
3667,2/9/2024,3,13,15,17,30,31,7
3668,4/9/2024,5,13,14,17,31,34,5
3669,6/9/2024,9,10,14,27,29,32,6
3670,8/9/2024,1,9,10,19,20,23,3
3671,10/9/2024,1,3,8,13,16,17,6
3672,12/9/2024,3,9,17,22,24,36,6
3673,14/09/2024,7,13,20,23,25,35,2
3674,16/09/2024,1,2,5,27,29,34,2
3675,18/09/2024,1,5,10,15,32,33,6
3676,20/09/2024,7,9,11,16,19,22,2
3677,22/09/2024,4,14,27,30,31,35,1
3678,24/09/2024,4,18,23,29,36,37,2
3679,26/09/2024,2,16,18,23,31,34,7
3680,28/09/2024,9,16,20,26,30,35,1
3681,30/09/2024,10,11,20,23,24,29,1
3682,2/10/2024,5,8,9,11,24,36,4
3683,4/10/2024,2,8,12,16,28,30,5
3684,6/10/2024,2,6,8,16,18,25,4
3685,8/10/2024,1,7,9,12,16,35,2
3686,10/10/2024,19,25,28,32,33,36,1
3687,12/10/2024,6,8,9,14,16,22,5
3688,14/10/2024,1,9,10,11,17,37,3
3689,16/10/2024,3,13,15,17,26,33,7
3690,18/10/2024,3,17,23,24,30,36,1
3691,20/10/2024,1,4,10,24,29,31,6
3692,22/10/2024,2,18,19,31,36,37,6
3693,24/10/2024,10,21,25,33,35,36,4
3694,26/10/2024,4,11,12,15,20,29,1
3695,28/10/2024,4,19,27,28,32,37,4
3696,30/10/2024,2,7,10,20,23,36,6
3697,1/11/2024,5,11,25,27,33,36,3
3698,3/11/2024,6,11,15,22,25,32,6
3699,5/11/2024,1,2,10,14,15,17,5
3700,7/11/2024,2,13,21,25,26,31,7
3701,9/11/2024,3,5,7,21,26,31,1
3702,11/11/2024,8,9,11,13,16,33,3
3703,13/11/2024,1,6,7,22,26,29,5
3704,15/11/2024,1,9,14,26,29,34,1
3705,17/11/2024,3,7,16,30,35,37,7
3706,19/11/2024,3,5,15,29,30,36,4
3707,21/11/2024,17,19,26,29,31,35,7
3708,23/11/2024,6,13,25,26,32,33,7
3709,25/11/2024,1,17,24,30,33,35,5
3710,27/11/2024,2,16,19,20,36,37,2
3711,29/11/2024,2,19,21,22,34,35,5
3712,1/12/2024,7,20,27,29,30,32,5
3713,3/12/2024,3,10,15,22,27,31,3
3714,5/12/2024,9,10,18,23,26,37,5
3715,7/12/2024,15,17,25,28,30,36,3
3716,9/12/2024,3,7,20,23,27,28,4
3717,11/12/2024,4,9,20,26,30,31,6
3718,13/12/2024,8,12,13,21,33,37,4
3719,15/12/2024,1,3,16,27,29,30,7
3720,17/12/2024,4,9,26,27,28,33,3
3721,19/12/2024,4,12,16,19,24,32,2
3722,21/12/2024,11,14,15,17,26,30,4
3723,23/12/2024,1,7,8,11,23,28,6
3724,25/12/2024,11,12,15,18,25,33,1
3725,27/12/2024,2,4,6,15,23,25,6
3726,29/12/2024,1,2,10,17,29,34,1
3727,31/12/2024,3,8,10,16,17,30,1
3728,2/1/2025,6,13,14,16,19,30,5
3729,4/1/2025,1,14,17,27,32,37,7
3730,6/1/2025,12,13,16,20,26,28,3
3731,8/1/2025,10,19,22,24,31,37,6
3732,10/1/2025,1,13,23,25,27,36,5
3733,12/1/2025,2,12,13,15,31,35,1
3734,14/01/2025,6,7,8,21,22,26,5
3735,16/01/2025,3,12,20,23,25,29,6
3736,18/01/2025,10,18,23,25,31,35,3
3737,20/01/2025,4,14,16,19,27,33,7
3738,22/01/2025,3,11,19,31,33,34,2
3739,24/01/2025,7,13,15,30,32,34,3
3740,26/01/2025,1,3,9,10,25,27,7
3741,28/01/2025,2,9,26,27,29,35,7
3742,30/01/2025,1,12,17,18,33,37,4
3743,1/2/2025,3,19,31,33,34,35,3
3744,3/2/2025,14,15,18,19,23,28,7
3745,5/2/2025,12,13,17,30,34,35,3
3746,7/2/2025,3,8,23,25,34,35,1
3747,9/2/2025,10,22,25,26,33,37,1
3748,11/2/2025,3,4,20,27,30,33,7
3749,13/02/2025,13,15,21,22,28,30,6
3750,15/02/2025,1,7,9,18,36,37,5
3751,17/02/2025,5,21,22,29,32,33,7
3752,19/02/2025,11,12,19,28,29,32,4
3753,21/02/2025,19,28,30,33,35,36,5
3754,23/02/2025,4,9,13,20,31,35,1
3755,25/02/2025,11,12,13,26,28,33,3
3756,27/02/2025,2,17,21,24,32,36,6
3757,1/3/2025,2,7,23,25,29,34,5
3758,3/3/2025,9,20,24,25,26,34,7
3759,5/3/2025,2,5,11,14,20,22,6
3760,7/3/2025,6,8,14,23,35,37,5
3761,9/3/2025,3,15,26,29,30,37,5
3762,11/3/2025,2,5,13,16,22,34,3
3763,13/03/2025,7,8,13,31,33,35,7
3764,15/03/2025,4,6,7,15,18,21,7
3765,17/03/2025,6,8,20,23,32,35,4
3766,19/03/2025,6,12,15,23,24,33,7
3767,21/03/2025,8,12,16,21,24,34,2
3768,23/03/2025,4,8,22,24,26,28,4
3769,25/03/2025,3,7,16,18,26,37,7
3770,27/03/2025,12,13,16,20,22,25,7
3771,29/03/2025,3,6,18,22,29,33,4
3772,31/03/2025,1,17,22,33,34,35,5
3773,2/4/2025,10,14,24,26,34,37,4
3774,4/4/2025,9,10,12,18,25,37,5
3775,6/4/2025,2,6,10,17,23,25,1
3776,8/4/2025,21,22,27,35,36,37,6
3777,10/4/2025,13,14,17,20,29,34,1
3778,12/4/2025,4,10,12,16,28,29,7
3779,14/04/2025,10,15,20,24,31,35,3
3780,16/04/2025,1,6,16,19,25,28,1
3781,18/04/2025,9,11,13,19,20,23,5
3782,20/04/2025,2,16,21,24,26,34,6
3783,22/04/2025,4,8,15,21,29,34,2
3784,24/04/2025,3,5,8,16,24,34,1
3785,26/04/2025,9,19,24,25,32,33,2
3786,28/04/2025,5,13,16,24,29,31,7
3787,30/04/2025,6,9,17,19,31,35,7
3788,2/5/2025,1,9,11,23,30,31,3
3789,4/5/2025,2,4,5,21,29,33,1
3790,6/5/2025,7,8,12,24,28,31,4
3791,8/5/2025,5,14,15,19,27,34,1
3792,10/5/2025,3,4,28,31,32,35,5
3793,12/5/2025,11,15,18,21,27,33,6
3794,14/05/2025,3,7,27,29,33,36,7
3795,16/05/2025,4,10,13,23,24,28,7
3796,18/05/2025,4,18,23,27,32,36,1
3797,20/05/2025,4,9,11,16,22,35,3
3798,22/05/2025,2,3,10,14,21,37,1
3799,24/05/2025,1,9,18,21,23,31,1
3800,26/05/2025,4,16,18,22,28,35,5
3801,28/05/2025,16,19,20,23,28,29,5
3802,30/05/2025,2,7,10,11,28,37,6
3803,1/6/2025,5,15,16,21,28,32,5
3804,3/6/2025,6,13,22,25,33,34,3
3805,5/6/2025,6,10,12,24,27,37,5
3806,7/6/2025,4,20,23,25,27,34,5
3807,9/6/2025,1,8,9,13,19,31,4
3808,11/6/2025,1,3,9,14,16,26,4
3809,13/06/2025,2,3,7,12,15,20,5
3810,15/06/2025,2,8,19,28,35,36,6
3811,17/06/2025,2,7,12,24,27,37,5
3812,19/06/2025,1,6,10,20,31,35,1
3813,21/06/2025,4,9,15,16,18,33,2
3814,23/06/2025,1,13,23,26,30,37,3
3815,25/06/2025,2,8,17,24,25,30,2
3816,27/06/2025,14,16,24,25,31,37,4
3817,29/06/2025,14,19,27,31,36,37,6
3818,1/7/2025,1,7,13,22,33,34,1
3819,3/7/2025,5,6,22,27,29,36,5
3820,5/7/2025,2,4,5,9,26,37,7
3821,7/7/2025,5,6,16,17,36,37,6
3822,9/7/2025,6,8,9,12,14,37,6
3823,11/7/2025,1,6,8,24,27,28,6
3824,13/07/2025,13,17,26,28,30,36,2
3825,15/07/2025,2,4,6,15,21,29,7
3826,17/07/2025,1,3,11,12,28,34,3
3827,19/07/2025,4,5,16,18,23,29,2
3828,21/07/2025,10,11,16,24,29,33,7
3829,23/07/2025,3,9,30,32,33,34,2
3830,25/07/2025,13,16,22,29,33,36,4
3831,27/07/2025,8,11,12,16,23,34,7
3832,29/07/2025,4,8,18,34,35,37,7
3833,31/07/2025,3,7,14,15,28,29,5
3834,2/8/2025,3,5,8,14,16,27,7
3835,9/8/2025,17,25,29,30,31,35,2
3835,4/8/2025,7,8,9,11,16,34,1
3836,12/8/2025,6,16,21,34,35,37,6
3836,6/8/2025,2,14,22,23,29,35,4
3837,14/08/2025,3,6,13,28,30,31,7
3837,8/8/2025,5,7,11,12,18,31,4
3838,16/08/2025,21,22,24,25,29,35,1
3838,10/8/2025,6,8,12,18,21,28,1
3839,19/08/2025,1,3,7,17,20,35,4
3839,12/8/2025,1,2,8,10,24,31,3
3840,23/08/2025,9,10,11,14,16,27,7
3840,14/08/2025,5,6,11,20,21,30,6
3841,26/08/2025,11,14,24,25,26,30,3
3841,16/08/2025,5,13,14,18,25,33,2
3842,28/08/2025,20,21,23,24,28,31,4
3842,18/08/2025,2,6,9,11,19,28,2
3843,30/08/2025,3,4,8,24,25,26,6
3843,20/08/2025,12,14,15,25,26,33,1
3844,22/08/2025,4,5,10,11,13,29,3
3845,24/08/2025,1,6,8,14,20,33,5
3846,26/08/2025,6,9,18,20,31,37,4
3847,28/08/2025,1,13,22,25,27,30,4
